country,iso2,iso3,page_title,correlation
Argentina,AR,ARG,Lesion,0.5306098536255563
Argentina,AR,ARG,Myalgia,0.4845401756005166
Argentina,AR,ARG,Lymphadenopathy,0.35249681812172906
Argentina,AR,ARG,Vomiting,0.1540412585477426
Argentina,AR,ARG,Conjunctivitis,0.15394701012131146
Argentina,AR,ARG,Balanitis,-0.0016828612626278736
Argentina,AR,ARG,Tecovirimat,-0.05587490349708989
Argentina,AR,ARG,Parapoxvirus,-0.07036504868601443
Argentina,AR,ARG,Herpangina,-0.0760686817274957
Argentina,AR,ARG,Herpes,-0.09594151312228277
Argentina,AR,ARG,Poxviridae,-0.09616788159315665
Argentina,AR,ARG,Variola,-0.09990998673069539
Argentina,AR,ARG,Monkeypox_virus,-0.09990998673069541
Argentina,AR,ARG,Fomite,-0.11460120901856985
Argentina,AR,ARG,Orthopoxvirus,-0.12360713430113578
Argentina,AR,ARG,Antivirals,-0.13139835771603936
Argentina,AR,ARG,Smallpox_vaccine,-0.1505168167107568
Argentina,AR,ARG,Genital_wart,-0.1546796001837216
Argentina,AR,ARG,Smallpox,-0.18593142626239448
Argentina,AR,ARG,ACAM2000,-0.1871805863628618
Argentina,AR,ARG,Mpox,-0.19608617500713907
Argentina,AR,ARG,Myocarditis,-0.19950479674124263
Argentina,AR,ARG,Fatigue,-0.20242206539839086
Argentina,AR,ARG,Antipyretic,-0.20872792972415616
Argentina,AR,ARG,Rash,-0.25289453574661497
Argentina,AR,ARG,Edema,-0.28778031313967406
Argentina,AR,ARG,Encephalitis,-0.3014020670669759
Argentina,AR,ARG,Wart,-0.3365404569921512
Argentina,AR,ARG,Urethritis,-0.3478651600804243
Argentina,AR,ARG,Cough,-0.400020344104989
Argentina,AR,ARG,Shingles,-0.41753116268934704
Argentina,AR,ARG,Fever,-0.433216903115336
Argentina,AR,ARG,Proctitis,-0.43522981707542524
Argentina,AR,ARG,Chills,-0.4713721178799519
Argentina,AR,ARG,Headache,-0.5143804399845838
Argentina,AR,ARG,Diarrhea,-0.5691663647482353
Australia,AU,AUS,Proctitis,0.5337497860194373
Australia,AU,AUS,Wart,0.4857947007684463
Australia,AU,AUS,Herpangina,0.4834955028287815
Australia,AU,AUS,Herpes,0.36121276420589865
Australia,AU,AUS,Antivirals,0.34554508116007127
Australia,AU,AUS,Sore_throat,0.31862304819820686
Australia,AU,AUS,ACAM2000,0.31311342722096697
Australia,AU,AUS,Skin_condition,0.3009332288294731
Australia,AU,AUS,Lesion,0.29853132065057464
Australia,AU,AUS,Encephalitis,0.23797405721426396
Australia,AU,AUS,Genital_herpes,0.23765397305089428
Australia,AU,AUS,Lymphadenopathy,0.23616507701529998
Australia,AU,AUS,Orthopoxvirus,0.22259755337582504
Australia,AU,AUS,Parapoxvirus,0.2108993093550565
Australia,AU,AUS,Mpox,0.18443863065559477
Australia,AU,AUS,Tecovirimat,0.17280683051437878
Australia,AU,AUS,Rash,0.16933818643261125
Australia,AU,AUS,Fatigue,0.16661439978353465
Australia,AU,AUS,Monkeypox_virus,0.1414747788386769
Australia,AU,AUS,Poxviridae,0.12899926574614903
Australia,AU,AUS,Fomite,0.08318074108537754
Australia,AU,AUS,Shingles,0.07127728486814555
Australia,AU,AUS,Variola,0.04749367785449148
Australia,AU,AUS,Urethritis,0.023216481889063122
Australia,AU,AUS,List_of_skin_conditions,0.01937492890259635
Australia,AU,AUS,Smallpox,-0.0028863450489721634
Australia,AU,AUS,Smallpox_vaccine,-0.004733801120681503
Australia,AU,AUS,Edema,-0.010095377674291129
Australia,AU,AUS,Antipyretic,-0.03646163849198835
Australia,AU,AUS,Genital_wart,-0.03740379489218608
Australia,AU,AUS,Diarrhea,-0.04955077933607437
Australia,AU,AUS,Back_pain,-0.07831495699396318
Australia,AU,AUS,Myalgia,-0.08420247274408617
Australia,AU,AUS,Conjunctivitis,-0.09013068348788685
Australia,AU,AUS,Vomiting,-0.09715131505698443
Australia,AU,AUS,Cold_sore,-0.1667609015025399
Australia,AU,AUS,Balanitis,-0.22155038744920497
Australia,AU,AUS,Headache,-0.23138177948904295
Australia,AU,AUS,Fever,-0.2420330247393271
Australia,AU,AUS,Myocarditis,-0.26810340997896703
Australia,AU,AUS,Herpes_simplex_virus,-0.27458363487617815
Australia,AU,AUS,Chills,-0.46011441353658955
Australia,AU,AUS,Cough,-0.5291515149104328
Austria,AT,AUT,Proctitis,0.6556712057952654
Austria,AT,AUT,Wart,0.6458698661871753
Austria,AT,AUT,Herpangina,0.5420509614150693
Austria,AT,AUT,Encephalitis,0.52115204591575
Austria,AT,AUT,Balanitis,0.48622998039517207
Austria,AT,AUT,Diarrhea,0.46469547731699773
Austria,AT,AUT,Antivirals,0.44622922162375034
Austria,AT,AUT,Fatigue,0.43579403200350236
Austria,AT,AUT,ACAM2000,0.42929708362867447
Austria,AT,AUT,Shingles,0.3217287867770053
Austria,AT,AUT,Edema,0.3006514976232471
Austria,AT,AUT,Mpox,0.29755841170053576
Austria,AT,AUT,Cold_sore,0.28655641317825226
Austria,AT,AUT,Fomite,0.17918560872421938
Austria,AT,AUT,Herpes,0.13476616355758336
Austria,AT,AUT,Modified_vaccinia_Ankara,0.12573304552749906
Austria,AT,AUT,Orthopoxvirus,0.11541156691846913
Austria,AT,AUT,Lesion,0.07033590219685382
Austria,AT,AUT,Herpes_simplex_virus,0.052622333273061955
Austria,AT,AUT,Genital_wart,0.025545484587468095
Austria,AT,AUT,Poxviridae,0.005523863478481028
Austria,AT,AUT,Tecovirimat,-0.011596545435144521
Austria,AT,AUT,Rash,-0.05603597188050635
Austria,AT,AUT,Antipyretic,-0.05815349366050938
Austria,AT,AUT,Vomiting,-0.05900091009624081
Austria,AT,AUT,Smallpox_vaccine,-0.061503143986476834
Austria,AT,AUT,Monkeypox_virus,-0.08037572164732067
Austria,AT,AUT,Variola,-0.09231425988690367
Austria,AT,AUT,Smallpox,-0.09456489375054881
Austria,AT,AUT,Parapoxvirus,-0.12069904333023956
Austria,AT,AUT,Fever,-0.12409975757997656
Austria,AT,AUT,Back_pain,-0.1318397448574119
Austria,AT,AUT,Lymphadenopathy,-0.16129718601073603
Austria,AT,AUT,Skin_condition,-0.16227553996538943
Austria,AT,AUT,Myalgia,-0.19762905935449376
Austria,AT,AUT,Conjunctivitis,-0.20545886779270062
Austria,AT,AUT,Urethritis,-0.22870372089164542
Austria,AT,AUT,Cough,-0.2325572949652833
Austria,AT,AUT,DNA_virus,-0.27956283380060454
Austria,AT,AUT,Headache,-0.302480889999438
Austria,AT,AUT,Chills,-0.335263990074722
Austria,AT,AUT,Myocarditis,-0.35017009417898237
Austria,AT,AUT,Sore_throat,-0.577433564278537
Belgium,BE,BEL,Rash,0.7845908972992169
Belgium,BE,BEL,Wart,0.7539954706991426
Belgium,BE,BEL,Antivirals,0.6971172552014203
Belgium,BE,BEL,ACAM2000,0.656598549308626
Belgium,BE,BEL,Herpes_simplex_virus,0.6532337350675683
Belgium,BE,BEL,Proctitis,0.6048224764350585
Belgium,BE,BEL,Herpangina,0.39682493019874665
Belgium,BE,BEL,Orthopoxvirus,0.3955123883539893
Belgium,BE,BEL,Shingles,0.3899741291333493
Belgium,BE,BEL,Balanitis,0.3686411260622332
Belgium,BE,BEL,Encephalitis,0.36083714511211606
Belgium,BE,BEL,Tecovirimat,0.2475502067862786
Belgium,BE,BEL,Diarrhea,0.23138768312928812
Belgium,BE,BEL,Fatigue,0.15823678474385433
Belgium,BE,BEL,Genital_wart,0.14681474273884387
Belgium,BE,BEL,Poxviridae,0.1408752544781054
Belgium,BE,BEL,Mpox,0.11037411197714972
Belgium,BE,BEL,Skin_infection,0.07682547390061731
Belgium,BE,BEL,Parapoxvirus,0.06252265656352496
Belgium,BE,BEL,Myalgia,0.05414826253864932
Belgium,BE,BEL,Monkeypox_virus,0.033806828557850006
Belgium,BE,BEL,Herpes,0.02679373522404235
Belgium,BE,BEL,Lymphadenopathy,0.01911869296450166
Belgium,BE,BEL,Smallpox,0.009583774695579134
Belgium,BE,BEL,Lesion,0.009010309047627996
Belgium,BE,BEL,Smallpox_vaccine,-0.0014977096744146262
Belgium,BE,BEL,Sore_throat,-0.052597990740219286
Belgium,BE,BEL,Modified_vaccinia_Ankara,-0.054325748252984675
Belgium,BE,BEL,Urethritis,-0.06460079103695111
Belgium,BE,BEL,Variola,-0.07898528555226231
Belgium,BE,BEL,Headache,-0.11292861703088873
Belgium,BE,BEL,Antipyretic,-0.11585946935699672
Belgium,BE,BEL,Fomite,-0.14209990273782916
Belgium,BE,BEL,Back_pain,-0.14524661610052747
Belgium,BE,BEL,Skin_condition,-0.1598156700140608
Belgium,BE,BEL,Conjunctivitis,-0.17396600326354117
Belgium,BE,BEL,Edema,-0.2146536687177693
Belgium,BE,BEL,Vomiting,-0.2597963123943999
Belgium,BE,BEL,Myocarditis,-0.26974342491883685
Belgium,BE,BEL,Cold_sore,-0.3140236027463352
Belgium,BE,BEL,DNA_virus,-0.3276613152461463
Belgium,BE,BEL,Fever,-0.40549425892831503
Belgium,BE,BEL,Chills,-0.41281171753971735
Belgium,BE,BEL,Cough,-0.616475095113162
Brazil,BR,BRA,Back_pain,0.5610864954296859
Brazil,BR,BRA,Fatigue,0.4163497874028579
Brazil,BR,BRA,Encephalitis,0.3616340857056676
Brazil,BR,BRA,Wart,0.3388755581973056
Brazil,BR,BRA,Orthopoxvirus,0.30062899442146135
Brazil,BR,BRA,Lesion,0.2948312085405444
Brazil,BR,BRA,ACAM2000,0.2104522459306949
Brazil,BR,BRA,Tecovirimat,0.208293427420878
Brazil,BR,BRA,Poxviridae,0.19851711570841094
Brazil,BR,BRA,Urethritis,0.19199073205251552
Brazil,BR,BRA,Antivirals,0.18677130671836623
Brazil,BR,BRA,Headache,0.18203153130092142
Brazil,BR,BRA,Conjunctivitis,0.15803307668013428
Brazil,BR,BRA,Proctitis,0.1472589628158685
Brazil,BR,BRA,Mpox,0.11066130343757412
Brazil,BR,BRA,Lymphadenopathy,0.09155000572616724
Brazil,BR,BRA,Fomite,0.082940451838636
Brazil,BR,BRA,Balanitis,0.07414120470274217
Brazil,BR,BRA,Fever,0.02916647849884234
Brazil,BR,BRA,Cough,-0.02948290959663104
Brazil,BR,BRA,Variola,-0.06228454530004693
Brazil,BR,BRA,Smallpox,-0.08668942895605297
Brazil,BR,BRA,Modified_vaccinia_Ankara,-0.09685586065052867
Brazil,BR,BRA,Skin_condition,-0.11549021151621706
Brazil,BR,BRA,Herpes,-0.12346162995225274
Brazil,BR,BRA,Sore_throat,-0.13509139190710756
Brazil,BR,BRA,Rash,-0.1390461554139184
Brazil,BR,BRA,Monkeypox_virus,-0.14455361308456358
Brazil,BR,BRA,Diarrhea,-0.15670989943585611
Brazil,BR,BRA,Smallpox_vaccine,-0.1613519427361484
Brazil,BR,BRA,Parapoxvirus,-0.18128685004456843
Brazil,BR,BRA,Herpangina,-0.18145485308746476
Brazil,BR,BRA,Edema,-0.18623718014011711
Brazil,BR,BRA,Myalgia,-0.19034201034420692
Brazil,BR,BRA,Genital_herpes,-0.21587446013561334
Brazil,BR,BRA,List_of_skin_conditions,-0.22848932421973825
Brazil,BR,BRA,Myocarditis,-0.24321707040551166
Brazil,BR,BRA,Antipyretic,-0.25167827744328075
Brazil,BR,BRA,Shingles,-0.2590587984639135
Brazil,BR,BRA,Chills,-0.26540984133838796
Brazil,BR,BRA,Vomiting,-0.31501651048914076
Brazil,BR,BRA,Cold_sore,-0.40981855799579586
Brazil,BR,BRA,Herpes_simplex_virus,-0.44326381141462934
Brazil,BR,BRA,Genital_wart,-0.5314532570134985
Canada,CA,CAN,Antivirals,0.7600326145404418
Canada,CA,CAN,Herpangina,0.7442333043978562
Canada,CA,CAN,ACAM2000,0.6529300258815218
Canada,CA,CAN,Proctitis,0.6299278128450048
Canada,CA,CAN,Wart,0.6194236968136675
Canada,CA,CAN,Rash,0.6055575325087735
Canada,CA,CAN,Monkeypox_virus,0.4806047994451032
Canada,CA,CAN,Cold_sore,0.4766815241084201
Canada,CA,CAN,Orthopoxvirus,0.46681640722296125
Canada,CA,CAN,Lesion,0.4420408561919418
Canada,CA,CAN,Lymphadenopathy,0.4311025220673322
Canada,CA,CAN,Mpox,0.4015248331355973
Canada,CA,CAN,Parapoxvirus,0.3785508165744371
Canada,CA,CAN,Smallpox_vaccine,0.343925442137976
Canada,CA,CAN,Tecovirimat,0.33986217647150596
Canada,CA,CAN,Shingles,0.3168829292239156
Canada,CA,CAN,Poxviridae,0.3019807005613531
Canada,CA,CAN,Fomite,0.26742022182747727
Canada,CA,CAN,Fatigue,0.2443397613548111
Canada,CA,CAN,Diarrhea,0.23840696852300658
Canada,CA,CAN,Herpes,0.19489882778653145
Canada,CA,CAN,Variola,0.18575141189018435
Canada,CA,CAN,Sore_throat,0.17930323678651716
Canada,CA,CAN,Smallpox,0.15595541283980158
Canada,CA,CAN,Genital_wart,0.09986180392797828
Canada,CA,CAN,Modified_vaccinia_Ankara,0.04899084100180308
Canada,CA,CAN,Genital_herpes,0.04055359577626378
Canada,CA,CAN,Myalgia,0.0386717579345603
Canada,CA,CAN,Encephalitis,0.02201690544480201
Canada,CA,CAN,DNA_virus,-0.0010282890714296048
Canada,CA,CAN,Edema,-0.014827276709564173
Canada,CA,CAN,Balanitis,-0.02279159364301596
Canada,CA,CAN,Conjunctivitis,-0.04388174620967339
Canada,CA,CAN,Antipyretic,-0.04849888765694243
Canada,CA,CAN,Fever,-0.10128327449965661
Canada,CA,CAN,Urethritis,-0.11621792218492802
Canada,CA,CAN,Vomiting,-0.1638139530909039
Canada,CA,CAN,Skin_condition,-0.19161006868805547
Canada,CA,CAN,Headache,-0.2218568540324229
Canada,CA,CAN,List_of_skin_conditions,-0.30942759139908355
Canada,CA,CAN,Myocarditis,-0.32740306484944687
Canada,CA,CAN,Herpes_simplex_virus,-0.34722820382010783
Canada,CA,CAN,Chills,-0.3901085928902022
Canada,CA,CAN,Back_pain,-0.392565607329835
Canada,CA,CAN,Cough,-0.5062951053598755
Chile,CL,CHL,Lesion,0.41266239968866764
Chile,CL,CHL,Myalgia,0.19746532921328205
Chile,CL,CHL,Tecovirimat,0.14295633189079635
Chile,CL,CHL,Wart,0.10759725154428394
Chile,CL,CHL,Lymphadenopathy,0.06390258526001372
Chile,CL,CHL,Conjunctivitis,0.04123246221530045
Chile,CL,CHL,Herpangina,0.027145295679221644
Chile,CL,CHL,Balanitis,0.020998252308039717
Chile,CL,CHL,Fomite,0.020538307177271533
Chile,CL,CHL,Vomiting,0.0038731982687814355
Chile,CL,CHL,Fatigue,-0.01907171384820773
Chile,CL,CHL,Orthopoxvirus,-0.02848506785172192
Chile,CL,CHL,Parapoxvirus,-0.028781855499829784
Chile,CL,CHL,Herpes,-0.03076548462427817
Chile,CL,CHL,Antivirals,-0.04354447535631792
Chile,CL,CHL,Poxviridae,-0.04906730564232774
Chile,CL,CHL,ACAM2000,-0.05620190779167866
Chile,CL,CHL,Mpox,-0.07023671941789889
Chile,CL,CHL,Rash,-0.07246111507170722
Chile,CL,CHL,Variola,-0.08619345060823476
Chile,CL,CHL,Monkeypox_virus,-0.08619345060823477
Chile,CL,CHL,Edema,-0.10660257947660062
Chile,CL,CHL,Genital_wart,-0.1203307933502534
Chile,CL,CHL,Smallpox_vaccine,-0.12080512094128187
Chile,CL,CHL,Antipyretic,-0.13056167738389235
Chile,CL,CHL,Smallpox,-0.13246407803460797
Chile,CL,CHL,Shingles,-0.1333487713127661
Chile,CL,CHL,Encephalitis,-0.18564271794075832
Chile,CL,CHL,Proctitis,-0.21943103682540854
Chile,CL,CHL,Myocarditis,-0.25396077310696324
Chile,CL,CHL,Cough,-0.3843453453499164
Chile,CL,CHL,Diarrhea,-0.3848668709619138
Chile,CL,CHL,Urethritis,-0.4016649551412181
Chile,CL,CHL,Headache,-0.4361313200677262
Chile,CL,CHL,Fever,-0.44110680999708735
Chile,CL,CHL,Chills,-0.4882248318504732
Colombia,CO,COL,Lesion,0.5198867003445103
Colombia,CO,COL,Myalgia,0.3298169188171664
Colombia,CO,COL,Lymphadenopathy,0.07558675585969434
Colombia,CO,COL,Parapoxvirus,0.051650118637412944
Colombia,CO,COL,Rash,0.032484659808024105
Colombia,CO,COL,Conjunctivitis,0.027124992711528084
Colombia,CO,COL,Herpangina,0.02587918273241193
Colombia,CO,COL,Tecovirimat,0.005457426874102912
Colombia,CO,COL,Fomite,7.07922185578148e-4
Colombia,CO,COL,Vomiting,-0.005881016471032793
Colombia,CO,COL,Herpes,-0.02607260592296149
Colombia,CO,COL,Antivirals,-0.07983916438476756
Colombia,CO,COL,Monkeypox_virus,-0.08376574909037159
Colombia,CO,COL,Variola,-0.08376574909037161
Colombia,CO,COL,Poxviridae,-0.09295659077364164
Colombia,CO,COL,Orthopoxvirus,-0.1018372008740248
Colombia,CO,COL,Wart,-0.10296427890092257
Colombia,CO,COL,Smallpox_vaccine,-0.11056236743567623
Colombia,CO,COL,Shingles,-0.11547080264341518
Colombia,CO,COL,Balanitis,-0.11714972926642486
Colombia,CO,COL,Fatigue,-0.11913915331322555
Colombia,CO,COL,Edema,-0.12815111407210805
Colombia,CO,COL,Antipyretic,-0.12924007112865618
Colombia,CO,COL,Smallpox,-0.158017358617413
Colombia,CO,COL,Mpox,-0.17208379594335324
Colombia,CO,COL,ACAM2000,-0.17721168753411246
Colombia,CO,COL,Myocarditis,-0.1778951807390286
Colombia,CO,COL,Cough,-0.33407190012575494
Colombia,CO,COL,Encephalitis,-0.3435854953755121
Colombia,CO,COL,Urethritis,-0.3874724706289476
Colombia,CO,COL,Proctitis,-0.3936622583948597
Colombia,CO,COL,Fever,-0.4168171009359812
Colombia,CO,COL,Diarrhea,-0.44898510198697117
Colombia,CO,COL,Headache,-0.46200232212576153
Colombia,CO,COL,Chills,-0.47480459510426704
Costa Rica,CR,CRI,Myalgia,0.020873981513390042
Costa Rica,CR,CRI,Myocarditis,-0.006732762319529291
Costa Rica,CR,CRI,Balanitis,-0.03469410685512747
Costa Rica,CR,CRI,ACAM2000,-0.0522298179079356
Costa Rica,CR,CRI,Encephalitis,-0.052346230060664134
Costa Rica,CR,CRI,Smallpox_vaccine,-0.05925103080381834
Costa Rica,CR,CRI,Chills,-0.07713170005606712
Costa Rica,CR,CRI,Tecovirimat,-0.09172657057211127
Costa Rica,CR,CRI,Mpox,-0.10401979462804972
Costa Rica,CR,CRI,Lymphadenopathy,-0.1134250696615774
Costa Rica,CR,CRI,Orthopoxvirus,-0.11704307901979227
Costa Rica,CR,CRI,Conjunctivitis,-0.12777730136009208
Costa Rica,CR,CRI,Smallpox,-0.12891444913479894
Costa Rica,CR,CRI,Poxviridae,-0.13082954116172985
Costa Rica,CR,CRI,Proctitis,-0.15679559172230695
Costa Rica,CR,CRI,Cough,-0.16540387447584629
Costa Rica,CR,CRI,Wart,-0.20767468446145942
Costa Rica,CR,CRI,Shingles,-0.22976399035978218
Costa Rica,CR,CRI,Headache,-0.24236627862735619
Costa Rica,CR,CRI,Urethritis,-0.25316571842879804
Costa Rica,CR,CRI,Herpangina,-0.2674032537475421
Costa Rica,CR,CRI,Fatigue,-0.2794714906171957
Costa Rica,CR,CRI,Vomiting,-0.3129909401994596
Costa Rica,CR,CRI,Fever,-0.3190838041656596
Costa Rica,CR,CRI,Fomite,-0.43725083763861206
Costa Rica,CR,CRI,Edema,-0.4487756323652118
Costa Rica,CR,CRI,Lesion,-0.45800022629694764
Costa Rica,CR,CRI,Diarrhea,-0.4851613335122359
Costa Rica,CR,CRI,Antipyretic,-0.5187588906684002
Croatia,HR,HRV,Wart,0.7335159979668168
Croatia,HR,HRV,Proctitis,0.5123025080301714
Croatia,HR,HRV,Antivirals,0.5054490953581307
Croatia,HR,HRV,Lymphadenopathy,0.3483264665128066
Croatia,HR,HRV,Orthopoxvirus,0.33392395272649905
Croatia,HR,HRV,ACAM2000,0.31282438456593376
Croatia,HR,HRV,Fomite,0.2918172793711077
Croatia,HR,HRV,Shingles,0.28700156765516943
Croatia,HR,HRV,Mpox,0.2789737282761334
Croatia,HR,HRV,Herpangina,0.26998590083563934
Croatia,HR,HRV,Poxviridae,0.25316865290351254
Croatia,HR,HRV,Tecovirimat,0.20731975523753202
Croatia,HR,HRV,Herpes,0.09558694949238648
Croatia,HR,HRV,Balanitis,0.08626275665226314
Croatia,HR,HRV,Smallpox_vaccine,0.07772748406287261
Croatia,HR,HRV,Encephalitis,0.054051888257980775
Croatia,HR,HRV,Chills,0.03759108774775308
Croatia,HR,HRV,Diarrhea,-0.0012263382287832714
Croatia,HR,HRV,Modified_vaccinia_Ankara,-0.0057729864746763945
Croatia,HR,HRV,Myocarditis,-0.014929816212955712
Croatia,HR,HRV,Antipyretic,-0.026058080852282797
Croatia,HR,HRV,Rash,-0.032440580418654795
Croatia,HR,HRV,Fatigue,-0.04152974534868666
Croatia,HR,HRV,Urethritis,-0.055613175108192
Croatia,HR,HRV,Monkeypox_virus,-0.05561317510819202
Croatia,HR,HRV,Variola,-0.055613175108192074
Croatia,HR,HRV,Smallpox,-0.07198983729706201
Croatia,HR,HRV,Edema,-0.09171268808764917
Croatia,HR,HRV,Fever,-0.11531197184121247
Croatia,HR,HRV,Vomiting,-0.11842689916182779
Croatia,HR,HRV,Sore_throat,-0.1475921997830117
Croatia,HR,HRV,Lesion,-0.1627543271989261
Croatia,HR,HRV,Myalgia,-0.24825373561239392
Croatia,HR,HRV,Conjunctivitis,-0.33880357519347953
Croatia,HR,HRV,Headache,-0.39396746975490216
Croatia,HR,HRV,Cough,-0.4530409351232148
Czechia,CZ,CZE,Herpangina,0.7632057289868348
Czechia,CZ,CZE,Herpes,0.5146764943889779
Czechia,CZ,CZE,ACAM2000,0.4608948408793497
Czechia,CZ,CZE,Orthopoxvirus,0.35415101518456854
Czechia,CZ,CZE,Diarrhea,0.3361031827517087
Czechia,CZ,CZE,Shingles,0.3353534296660306
Czechia,CZ,CZE,Mpox,0.30115997928610666
Czechia,CZ,CZE,Antivirals,0.27723293480095473
Czechia,CZ,CZE,Balanitis,0.2607997974650671
Czechia,CZ,CZE,Fomite,0.2501784317913203
Czechia,CZ,CZE,Tecovirimat,0.2102141029271558
Czechia,CZ,CZE,Edema,0.18090478141006852
Czechia,CZ,CZE,Headache,0.1673142835119753
Czechia,CZ,CZE,Myalgia,0.1322445179100163
Czechia,CZ,CZE,Fatigue,0.10432019167046536
Czechia,CZ,CZE,Encephalitis,0.09473119003417865
Czechia,CZ,CZE,Smallpox,0.09429593654111455
Czechia,CZ,CZE,Lymphadenopathy,0.054226490325501385
Czechia,CZ,CZE,Urethritis,0.048223594859024485
Czechia,CZ,CZE,Cold_sore,0.0467239974408084
Czechia,CZ,CZE,Modified_vaccinia_Ankara,0.03655208116950907
Czechia,CZ,CZE,Poxviridae,0.007238642363735681
Czechia,CZ,CZE,Smallpox_vaccine,0.003425897369132372
Czechia,CZ,CZE,Vomiting,-0.006720895174736071
Czechia,CZ,CZE,Rash,-0.015050283936702356
Czechia,CZ,CZE,Variola,-0.04335229769695148
Czechia,CZ,CZE,Wart,-0.060141995656094425
Czechia,CZ,CZE,Monkeypox_virus,-0.060455800972415714
Czechia,CZ,CZE,Genital_wart,-0.07517178383594465
Czechia,CZ,CZE,Conjunctivitis,-0.08355347062913182
Czechia,CZ,CZE,Skin_condition,-0.1115545221456968
Czechia,CZ,CZE,Proctitis,-0.13119920792892056
Czechia,CZ,CZE,Chills,-0.1571951789946525
Czechia,CZ,CZE,Myocarditis,-0.22742389126768575
Czechia,CZ,CZE,Lesion,-0.24395465361262786
Czechia,CZ,CZE,Antipyretic,-0.36283747457945886
Czechia,CZ,CZE,Fever,-0.42961605246264106
Czechia,CZ,CZE,Cough,-0.4665033883388358
Denmark,DK,DNK,Antivirals,0.7038658528933203
Denmark,DK,DNK,ACAM2000,0.6842021275805225
Denmark,DK,DNK,Wart,0.6715686708126759
Denmark,DK,DNK,Herpangina,0.6411386930038788
Denmark,DK,DNK,Proctitis,0.6116945557975432
Denmark,DK,DNK,Lesion,0.5642858092175835
Denmark,DK,DNK,Herpes,0.5163241613061061
Denmark,DK,DNK,Monkeypox_virus,0.5096971548465257
Denmark,DK,DNK,Rash,0.45148889897610606
Denmark,DK,DNK,Lymphadenopathy,0.4493780460790236
Denmark,DK,DNK,Orthopoxvirus,0.4378473598062723
Denmark,DK,DNK,Encephalitis,0.40452917447063347
Denmark,DK,DNK,Tecovirimat,0.28321950524294776
Denmark,DK,DNK,Poxviridae,0.20658795035256072
Denmark,DK,DNK,Balanitis,0.15457569411086328
Denmark,DK,DNK,Diarrhea,0.14472900085483015
Denmark,DK,DNK,Back_pain,0.10203792210266487
Denmark,DK,DNK,Mpox,0.08227417875384055
Denmark,DK,DNK,Smallpox_vaccine,0.04646115289168155
Denmark,DK,DNK,Fomite,0.045837189398645915
Denmark,DK,DNK,Modified_vaccinia_Ankara,0.003993603633216983
Denmark,DK,DNK,Smallpox,-0.010008715971527088
Denmark,DK,DNK,Edema,-0.010906071380242976
Denmark,DK,DNK,Urethritis,-0.031950781063726535
Denmark,DK,DNK,Variola,-0.06579745242259928
Denmark,DK,DNK,Conjunctivitis,-0.08089540701244805
Denmark,DK,DNK,Headache,-0.10962773704740804
Denmark,DK,DNK,Vomiting,-0.11767559066602287
Denmark,DK,DNK,Shingles,-0.11900405831781961
Denmark,DK,DNK,Cold_sore,-0.1504520449406951
Denmark,DK,DNK,Myalgia,-0.17369836903533128
Denmark,DK,DNK,Fatigue,-0.20484866054653247
Denmark,DK,DNK,Myocarditis,-0.22118584153527107
Denmark,DK,DNK,Genital_wart,-0.22646232755489762
Denmark,DK,DNK,Chills,-0.2822338433604146
Denmark,DK,DNK,Antipyretic,-0.28905372149638886
Denmark,DK,DNK,Cough,-0.30164971533244644
Denmark,DK,DNK,Fever,-0.4244990945059408
Dominican Republic,DO,DOM,Wart,0.2898008370708374
Dominican Republic,DO,DOM,Lesion,0.14930303302802728
Dominican Republic,DO,DOM,Fatigue,0.09193473212826064
Dominican Republic,DO,DOM,Fomite,0.07098336261921924
Dominican Republic,DO,DOM,Tecovirimat,0.049424910479984444
Dominican Republic,DO,DOM,Shingles,0.047190329143785556
Dominican Republic,DO,DOM,Conjunctivitis,0.02347932632718139
Dominican Republic,DO,DOM,Poxviridae,-0.007573621018463068
Dominican Republic,DO,DOM,Myalgia,-0.019278098143499088
Dominican Republic,DO,DOM,Herpangina,-0.02261681096953338
Dominican Republic,DO,DOM,Edema,-0.03371801118175216
Dominican Republic,DO,DOM,Orthopoxvirus,-0.03545676024478604
Dominican Republic,DO,DOM,Mpox,-0.04591916158712081
Dominican Republic,DO,DOM,ACAM2000,-0.04668863924829569
Dominican Republic,DO,DOM,Smallpox_vaccine,-0.05514268143090151
Dominican Republic,DO,DOM,Antipyretic,-0.06607885552348675
Dominican Republic,DO,DOM,Lymphadenopathy,-0.07106157724040509
Dominican Republic,DO,DOM,Smallpox,-0.08376984452987905
Dominican Republic,DO,DOM,Urethritis,-0.12556091151554452
Dominican Republic,DO,DOM,Encephalitis,-0.1354126250396129
Dominican Republic,DO,DOM,Diarrhea,-0.15015883694150234
Dominican Republic,DO,DOM,Myocarditis,-0.15507256236171812
Dominican Republic,DO,DOM,Proctitis,-0.1595590997309114
Dominican Republic,DO,DOM,Balanitis,-0.16962203782521842
Dominican Republic,DO,DOM,Fever,-0.1788201986366619
Dominican Republic,DO,DOM,Vomiting,-0.18111348102195443
Dominican Republic,DO,DOM,Headache,-0.18178131394044086
Dominican Republic,DO,DOM,Cough,-0.20595802649625045
Dominican Republic,DO,DOM,Chills,-0.23917369809720435
Ecuador,EC,ECU,Myalgia,0.2562347634635227
Ecuador,EC,ECU,Lesion,0.2121450554668657
Ecuador,EC,ECU,Conjunctivitis,0.06281124458560068
Ecuador,EC,ECU,Lymphadenopathy,-0.012790283966286418
Ecuador,EC,ECU,Encephalitis,-0.06508682133170167
Ecuador,EC,ECU,Genital_wart,-0.06548930457737977
Ecuador,EC,ECU,Parapoxvirus,-0.07984222930794181
Ecuador,EC,ECU,Myocarditis,-0.08879827794666183
Ecuador,EC,ECU,Smallpox_vaccine,-0.09682190371897176
Ecuador,EC,ECU,Vomiting,-0.10430652592719891
Ecuador,EC,ECU,Balanitis,-0.11255291970407366
Ecuador,EC,ECU,Orthopoxvirus,-0.13217268711666308
Ecuador,EC,ECU,Poxviridae,-0.14003441561628854
Ecuador,EC,ECU,Tecovirimat,-0.14165378018610914
Ecuador,EC,ECU,Smallpox,-0.1655331868649513
Ecuador,EC,ECU,Mpox,-0.17299178426539072
Ecuador,EC,ECU,Fomite,-0.23816852588073503
Ecuador,EC,ECU,Herpangina,-0.24107717652779764
Ecuador,EC,ECU,Shingles,-0.28537294320932377
Ecuador,EC,ECU,Cough,-0.3003103649637424
Ecuador,EC,ECU,Wart,-0.3499485073118605
Ecuador,EC,ECU,Fever,-0.365839530681046
Ecuador,EC,ECU,Antipyretic,-0.3690060328691937
Ecuador,EC,ECU,Urethritis,-0.4302033783058871
Ecuador,EC,ECU,Chills,-0.4429186077442519
Ecuador,EC,ECU,Fatigue,-0.4552770125549276
Ecuador,EC,ECU,Proctitis,-0.46190391614483467
Ecuador,EC,ECU,Headache,-0.47193052153177656
Ecuador,EC,ECU,Edema,-0.48955144226397457
Ecuador,EC,ECU,Diarrhea,-0.5831175946258981
El Salvador,SV,SLV,Conjunctivitis,0.4610595233638703
El Salvador,SV,SLV,Vomiting,0.17734843603066322
El Salvador,SV,SLV,Myalgia,0.16695662531187208
El Salvador,SV,SLV,Balanitis,0.08223519383974733
El Salvador,SV,SLV,Lymphadenopathy,0.04203030757829841
El Salvador,SV,SLV,Myocarditis,0.02041194708867632
El Salvador,SV,SLV,Urethritis,-0.08416500173094016
El Salvador,SV,SLV,Fatigue,-0.10422308702732291
El Salvador,SV,SLV,Orthopoxvirus,-0.14897431090364593
El Salvador,SV,SLV,Tecovirimat,-0.15038165253933758
El Salvador,SV,SLV,Poxviridae,-0.16736790709052723
El Salvador,SV,SLV,Herpangina,-0.1687996974548143
El Salvador,SV,SLV,Smallpox,-0.1766499653674587
El Salvador,SV,SLV,Mpox,-0.18292899764124435
El Salvador,SV,SLV,Lesion,-0.2926642269943959
El Salvador,SV,SLV,Shingles,-0.3623910646779014
El Salvador,SV,SLV,Encephalitis,-0.398423710129464
El Salvador,SV,SLV,Edema,-0.42009560052354933
El Salvador,SV,SLV,Fever,-0.42045985574609157
El Salvador,SV,SLV,Diarrhea,-0.42607817037904494
El Salvador,SV,SLV,Cough,-0.43631444302854655
El Salvador,SV,SLV,Antipyretic,-0.5092150388675218
El Salvador,SV,SLV,Fomite,-0.5693656212703722
El Salvador,SV,SLV,Wart,-0.6901092429735126
El Salvador,SV,SLV,Headache,-0.7822501332807753
Finland,FI,FIN,Herpangina,0.5597646944378606
Finland,FI,FIN,Sore_throat,0.4522900746531714
Finland,FI,FIN,Proctitis,0.2814702451629434
Finland,FI,FIN,ACAM2000,0.2813435457305451
Finland,FI,FIN,Encephalitis,0.24421150092053567
Finland,FI,FIN,Antivirals,0.2272204838954153
Finland,FI,FIN,Orthopoxvirus,0.20014388830196117
Finland,FI,FIN,Rash,0.1965396073474016
Finland,FI,FIN,Genital_herpes,0.16025602737454372
Finland,FI,FIN,Fomite,0.16002794376305315
Finland,FI,FIN,Lesion,0.1336611353946877
Finland,FI,FIN,Tecovirimat,0.1278267280885694
Finland,FI,FIN,Cold_sore,0.12210736434503014
Finland,FI,FIN,Wart,0.11537918935041563
Finland,FI,FIN,Lymphadenopathy,0.10740570232165217
Finland,FI,FIN,Mpox,0.07698166804670442
Finland,FI,FIN,Skin_condition,0.06095258579350163
Finland,FI,FIN,Smallpox_vaccine,0.059203752727527564
Finland,FI,FIN,Antipyretic,0.04956047076872695
Finland,FI,FIN,Poxviridae,0.02979516021546605
Finland,FI,FIN,Shingles,0.0295791146472701
Finland,FI,FIN,Monkeypox_virus,0.016835353071584628
Finland,FI,FIN,DNA_virus,-0.007280298195556958
Finland,FI,FIN,Parapoxvirus,-0.007280298195556958
Finland,FI,FIN,Modified_vaccinia_Ankara,-0.007280298195556969
Finland,FI,FIN,Variola,-0.015434878965302634
Finland,FI,FIN,Smallpox,-0.038047561325294875
Finland,FI,FIN,Genital_wart,-0.038690282717406606
Finland,FI,FIN,Balanitis,-0.04514883797640536
Finland,FI,FIN,Headache,-0.06950574409267954
Finland,FI,FIN,Urethritis,-0.08934002794867563
Finland,FI,FIN,Herpes,-0.09017821201156209
Finland,FI,FIN,Edema,-0.09365380007809701
Finland,FI,FIN,Fatigue,-0.1487205206678957
Finland,FI,FIN,Chills,-0.15746002877889972
Finland,FI,FIN,Conjunctivitis,-0.1757717438245792
Finland,FI,FIN,Back_pain,-0.1857282019583277
Finland,FI,FIN,Myalgia,-0.2286401864953783
Finland,FI,FIN,Diarrhea,-0.22867481813026244
Finland,FI,FIN,Vomiting,-0.28141636448886714
Finland,FI,FIN,Cough,-0.3062795955939904
Finland,FI,FIN,Myocarditis,-0.32127549681666406
Finland,FI,FIN,Fever,-0.4547123934361074
France,FR,FRA,Antivirals,0.8026274558675242
France,FR,FRA,ACAM2000,0.6257927325253064
France,FR,FRA,Lesion,0.5567120040929111
France,FR,FRA,Wart,0.5281047063515178
France,FR,FRA,Proctitis,0.4755995908567523
France,FR,FRA,Herpes_simplex_virus,0.4219657331364016
France,FR,FRA,Mpox,0.378022603468331
France,FR,FRA,Rash,0.34490038889154373
France,FR,FRA,Orthopoxvirus,0.29925827609189515
France,FR,FRA,Parapoxvirus,0.27084352964716846
France,FR,FRA,Tecovirimat,0.22471588775299028
France,FR,FRA,Herpangina,0.20320354779785205
France,FR,FRA,Diarrhea,0.17347589724851095
France,FR,FRA,Modified_vaccinia_Ankara,0.15005820388768296
France,FR,FRA,Balanitis,0.13032599054508007
France,FR,FRA,Genital_wart,0.12167527097158883
France,FR,FRA,Variola,0.11599524518573298
France,FR,FRA,Shingles,0.10589347812932254
France,FR,FRA,Cold_sore,0.09732648307438174
France,FR,FRA,Myalgia,0.09460363791931971
France,FR,FRA,Smallpox_vaccine,0.06867040246346033
France,FR,FRA,Poxviridae,0.06341920915842161
France,FR,FRA,Monkeypox_virus,0.05351523711642295
France,FR,FRA,Smallpox,0.011096009005987532
France,FR,FRA,Headache,-0.027014473473583434
France,FR,FRA,Lymphadenopathy,-0.02756569076725857
France,FR,FRA,Back_pain,-0.054581771690043426
France,FR,FRA,DNA_virus,-0.07843643813257907
France,FR,FRA,Encephalitis,-0.09925558451187037
France,FR,FRA,Fatigue,-0.09957175398701497
France,FR,FRA,Herpes,-0.10472253700682882
France,FR,FRA,Genital_herpes,-0.11178880304730177
France,FR,FRA,Conjunctivitis,-0.1188267642900279
France,FR,FRA,Skin_condition,-0.15945514892663826
France,FR,FRA,List_of_skin_conditions,-0.18623520168647661
France,FR,FRA,Fomite,-0.1862365958920262
France,FR,FRA,Antipyretic,-0.20129984571448706
France,FR,FRA,Urethritis,-0.251766848699035
France,FR,FRA,Sore_throat,-0.27082565717027435
France,FR,FRA,Edema,-0.27304841533764473
France,FR,FRA,Chills,-0.2972126073108982
France,FR,FRA,Myocarditis,-0.30312691857124124
France,FR,FRA,Vomiting,-0.332231810390905
France,FR,FRA,Fever,-0.3968611918462873
France,FR,FRA,Cough,-0.6082197490753268
Germany,DE,DEU,Herpangina,0.8792182775598024
Germany,DE,DEU,Antivirals,0.841058933650446
Germany,DE,DEU,Wart,0.8175532932059025
Germany,DE,DEU,ACAM2000,0.6161321319059723
Germany,DE,DEU,Diarrhea,0.5220054371462043
Germany,DE,DEU,Fomite,0.35076165540102683
Germany,DE,DEU,Mpox,0.3362529778611645
Germany,DE,DEU,Shingles,0.32889038450737657
Germany,DE,DEU,Edema,0.3093193863222122
Germany,DE,DEU,Parapoxvirus,0.29683584726445444
Germany,DE,DEU,Encephalitis,0.27996216526511913
Germany,DE,DEU,Lesion,0.20475907422140582
Germany,DE,DEU,Proctitis,0.20423715374774593
Germany,DE,DEU,Balanitis,0.19658777802510286
Germany,DE,DEU,Herpes,0.18340268049986477
Germany,DE,DEU,Modified_vaccinia_Ankara,0.1524391119506576
Germany,DE,DEU,Fever,0.14711290148307915
Germany,DE,DEU,Orthopoxvirus,0.1434323494392081
Germany,DE,DEU,Monkeypox_virus,0.11180009784965513
Germany,DE,DEU,Genital_wart,0.10809511629603212
Germany,DE,DEU,Variola,0.08918987287663947
Germany,DE,DEU,Fatigue,0.07346669705548922
Germany,DE,DEU,Rash,0.06767115955394391
Germany,DE,DEU,Myalgia,0.0616115822495968
Germany,DE,DEU,Cold_sore,0.058477879004434546
Germany,DE,DEU,Skin_condition,0.029700654683722183
Germany,DE,DEU,Poxviridae,0.02701569244616991
Germany,DE,DEU,Antipyretic,0.02021617962056601
Germany,DE,DEU,Genital_herpes,0.012274688412076101
Germany,DE,DEU,Tecovirimat,0.005255123269004352
Germany,DE,DEU,Smallpox_vaccine,-0.013314392324557858
Germany,DE,DEU,Conjunctivitis,-0.02903641638651702
Germany,DE,DEU,Back_pain,-0.04733749733921357
Germany,DE,DEU,Smallpox,-0.05693591723884449
Germany,DE,DEU,Vomiting,-0.0922279388950569
Germany,DE,DEU,Lymphadenopathy,-0.10417179809795034
Germany,DE,DEU,Urethritis,-0.12880028087957623
Germany,DE,DEU,DNA_virus,-0.18300004606046844
Germany,DE,DEU,Herpes_simplex_virus,-0.18433920914126425
Germany,DE,DEU,Cough,-0.2360646976996962
Germany,DE,DEU,Headache,-0.23610876343654053
Germany,DE,DEU,Chills,-0.26712245938874213
Germany,DE,DEU,List_of_skin_conditions,-0.3121360204287622
Germany,DE,DEU,Myocarditis,-0.347477850739803
Germany,DE,DEU,Sore_throat,-0.36432360976826467
Ghana,GH,GHA,Lesion,0.49563258143067346
Ghana,GH,GHA,Encephalitis,0.3848985787975744
Ghana,GH,GHA,Orthopoxvirus,0.37891538329374086
Ghana,GH,GHA,Herpes,0.3371152118888426
Ghana,GH,GHA,Wart,0.25762869111136033
Ghana,GH,GHA,Herpangina,0.2547577840698789
Ghana,GH,GHA,Mpox,0.24062638360238767
Ghana,GH,GHA,Shingles,0.2328125943868126
Ghana,GH,GHA,Poxviridae,0.2021695145538121
Ghana,GH,GHA,Conjunctivitis,0.20007220281662816
Ghana,GH,GHA,Vomiting,0.1877945024392084
Ghana,GH,GHA,Tecovirimat,0.13573894570920877
Ghana,GH,GHA,ACAM2000,0.12226590728434639
Ghana,GH,GHA,Lymphadenopathy,0.08846005122922755
Ghana,GH,GHA,Fatigue,0.041050668221645506
Ghana,GH,GHA,Diarrhea,0.027255278302153935
Ghana,GH,GHA,Smallpox,0.015759820741172312
Ghana,GH,GHA,Antivirals,-0.04364285469136668
Ghana,GH,GHA,Rash,-0.04364285469136671
Ghana,GH,GHA,Cough,-0.06622679761084765
Ghana,GH,GHA,Edema,-0.08000980838680109
Ghana,GH,GHA,Fomite,-0.09585463851506841
Ghana,GH,GHA,Variola,-0.10159414187598853
Ghana,GH,GHA,Balanitis,-0.13736358293273948
Ghana,GH,GHA,Antipyretic,-0.16855292373512307
Ghana,GH,GHA,Fever,-0.18275009413052973
Ghana,GH,GHA,Headache,-0.21970616049896666
Ghana,GH,GHA,Myalgia,-0.26421416104948436
Ghana,GH,GHA,Myocarditis,-0.31037182686891784
Greece,GR,GRC,Herpangina,0.5852945843544887
Greece,GR,GRC,Herpes,0.555927355626089
Greece,GR,GRC,Lesion,0.5319253185235251
Greece,GR,GRC,ACAM2000,0.5318114807269656
Greece,GR,GRC,Proctitis,0.5158224066045487
Greece,GR,GRC,Antivirals,0.50868776106005
Greece,GR,GRC,Rash,0.4002297313637832
Greece,GR,GRC,Orthopoxvirus,0.3190538915041708
Greece,GR,GRC,Fomite,0.31293771790597136
Greece,GR,GRC,Mpox,0.3110707938164336
Greece,GR,GRC,Encephalitis,0.21497053690751508
Greece,GR,GRC,Cold_sore,0.20593202502916597
Greece,GR,GRC,Shingles,0.19260039246715882
Greece,GR,GRC,Antipyretic,0.16685561556195175
Greece,GR,GRC,Poxviridae,0.12871209435505887
Greece,GR,GRC,Myalgia,0.1174880485850739
Greece,GR,GRC,Tecovirimat,0.09905910955761148
Greece,GR,GRC,Fatigue,0.08768241779105385
Greece,GR,GRC,Lymphadenopathy,0.06851272793427537
Greece,GR,GRC,Urethritis,0.013260824351734023
Greece,GR,GRC,Smallpox_vaccine,-0.006399174043226129
Greece,GR,GRC,Modified_vaccinia_Ankara,-0.013568727877904994
Greece,GR,GRC,Diarrhea,-0.04327614703507466
Greece,GR,GRC,Variola,-0.05928243408427702
Greece,GR,GRC,Monkeypox_virus,-0.07087267760634595
Greece,GR,GRC,Parapoxvirus,-0.08057721738507863
Greece,GR,GRC,Smallpox,-0.10466138472886795
Greece,GR,GRC,Genital_wart,-0.11248457415601912
Greece,GR,GRC,Vomiting,-0.12541515252777777
Greece,GR,GRC,Balanitis,-0.15371563163944352
Greece,GR,GRC,Fever,-0.3392430027146065
Greece,GR,GRC,Edema,-0.38601257369677466
Greece,GR,GRC,Conjunctivitis,-0.42993046927728457
Greece,GR,GRC,Wart,-0.43488985577047884
Greece,GR,GRC,Myocarditis,-0.4472893501276177
Greece,GR,GRC,Cough,-0.5014757630013565
Greece,GR,GRC,Chills,-0.5072511759901718
Greece,GR,GRC,Headache,-0.507606313152997
Guatemala,GT,GTM,Conjunctivitis,0.5781240814521301
Guatemala,GT,GTM,Myalgia,0.3079630221388136
Guatemala,GT,GTM,Lymphadenopathy,0.2201270122984354
Guatemala,GT,GTM,Myocarditis,0.21570000282025836
Guatemala,GT,GTM,Vomiting,0.006951696537709975
Guatemala,GT,GTM,Cough,-0.014661626607819056
Guatemala,GT,GTM,Balanitis,-0.022731851278011767
Guatemala,GT,GTM,Lesion,-0.06974027289190098
Guatemala,GT,GTM,Smallpox_vaccine,-0.08287737910852196
Guatemala,GT,GTM,Poxviridae,-0.17641292407180859
Guatemala,GT,GTM,Smallpox,-0.1860861983952094
Guatemala,GT,GTM,Encephalitis,-0.23320070826308953
Guatemala,GT,GTM,Mpox,-0.23724160339972175
Guatemala,GT,GTM,Orthopoxvirus,-0.23814981262244175
Guatemala,GT,GTM,Tecovirimat,-0.2570227298320659
Guatemala,GT,GTM,Wart,-0.30010788247275483
Guatemala,GT,GTM,Herpangina,-0.3047827941277221
Guatemala,GT,GTM,Edema,-0.3397623032594373
Guatemala,GT,GTM,Fomite,-0.3454234180373408
Guatemala,GT,GTM,Shingles,-0.3785214941840954
Guatemala,GT,GTM,Fever,-0.4110853831611627
Guatemala,GT,GTM,Headache,-0.4198374969347985
Guatemala,GT,GTM,Chills,-0.42874439012838517
Guatemala,GT,GTM,Antipyretic,-0.43080961667067386
Guatemala,GT,GTM,Proctitis,-0.477422378882232
Guatemala,GT,GTM,Fatigue,-0.525401238039482
Guatemala,GT,GTM,Urethritis,-0.580283674583922
Guatemala,GT,GTM,Diarrhea,-0.5994107559882472
Hungary,HU,HUN,Proctitis,0.671674069132906
Hungary,HU,HUN,Wart,0.63869168667903
Hungary,HU,HUN,Rash,0.6129805981477049
Hungary,HU,HUN,Edema,0.5325755695410483
Hungary,HU,HUN,Herpangina,0.5132735499833487
Hungary,HU,HUN,Lymphadenopathy,0.5046377361965055
Hungary,HU,HUN,Balanitis,0.4391954378520207
Hungary,HU,HUN,Mpox,0.4321321344180168
Hungary,HU,HUN,Fatigue,0.385339211223507
Hungary,HU,HUN,Antivirals,0.37219819536838833
Hungary,HU,HUN,ACAM2000,0.3659340877441542
Hungary,HU,HUN,Fomite,0.3463657756018922
Hungary,HU,HUN,Orthopoxvirus,0.3267277752791877
Hungary,HU,HUN,Shingles,0.3014934900505198
Hungary,HU,HUN,Diarrhea,0.2589563098641338
Hungary,HU,HUN,Antipyretic,0.21856383041874958
Hungary,HU,HUN,Tecovirimat,0.18787561644864717
Hungary,HU,HUN,Smallpox,0.038552832401545466
Hungary,HU,HUN,Modified_vaccinia_Ankara,0.02034145201472554
Hungary,HU,HUN,Poxviridae,-0.04774877722635386
Hungary,HU,HUN,Herpes,-0.06185234858544666
Hungary,HU,HUN,Genital_wart,-0.06877734646214882
Hungary,HU,HUN,Smallpox_vaccine,-0.0722629717851732
Hungary,HU,HUN,Monkeypox_virus,-0.08298583777479436
Hungary,HU,HUN,Encephalitis,-0.08768691066401094
Hungary,HU,HUN,Conjunctivitis,-0.09220345114609953
Hungary,HU,HUN,Variola,-0.0945282849476974
Hungary,HU,HUN,Fever,-0.0974005464243753
Hungary,HU,HUN,Vomiting,-0.10758995950256921
Hungary,HU,HUN,Lesion,-0.14772095542123626
Hungary,HU,HUN,Headache,-0.18028993045401526
Hungary,HU,HUN,Urethritis,-0.2312328952788423
Hungary,HU,HUN,Chills,-0.28109779643330485
Hungary,HU,HUN,Myocarditis,-0.32115110257027124
Hungary,HU,HUN,Myalgia,-0.4001575562970012
Hungary,HU,HUN,Cough,-0.41126150573373627
Hungary,HU,HUN,Cold_sore,-0.5951561258527408
Ireland,IE,IRL,Herpangina,0.7236802644090765
Ireland,IE,IRL,Antivirals,0.6242398235900222
Ireland,IE,IRL,Wart,0.6051802157593761
Ireland,IE,IRL,Lesion,0.5324844482418791
Ireland,IE,IRL,ACAM2000,0.4846751781836802
Ireland,IE,IRL,Encephalitis,0.3933965142209968
Ireland,IE,IRL,Proctitis,0.37240764237625673
Ireland,IE,IRL,Rash,0.3234058160016598
Ireland,IE,IRL,Lymphadenopathy,0.31942503654559357
Ireland,IE,IRL,Orthopoxvirus,0.3178486119142282
Ireland,IE,IRL,Mpox,0.2763008556312076
Ireland,IE,IRL,Tecovirimat,0.2182314406756746
Ireland,IE,IRL,Poxviridae,0.19747680173822582
Ireland,IE,IRL,Urethritis,0.16538454971881839
Ireland,IE,IRL,Antipyretic,0.16289803983945306
Ireland,IE,IRL,Fomite,0.1427440523888911
Ireland,IE,IRL,Fatigue,0.09780436630822449
Ireland,IE,IRL,Variola,0.07073531030650079
Ireland,IE,IRL,Cold_sore,0.06687241930718892
Ireland,IE,IRL,Conjunctivitis,0.057502479692300754
Ireland,IE,IRL,Smallpox_vaccine,0.051673400361295925
Ireland,IE,IRL,Shingles,0.02979078322431645
Ireland,IE,IRL,Chills,0.004114524169887685
Ireland,IE,IRL,Smallpox,0.0032829405021189396
Ireland,IE,IRL,Myalgia,0.0018895673118466355
Ireland,IE,IRL,Balanitis,-0.017726220499163718
Ireland,IE,IRL,Monkeypox_virus,-0.0370672996631315
Ireland,IE,IRL,Edema,-0.040859907482258186
Ireland,IE,IRL,Genital_wart,-0.044064440375781375
Ireland,IE,IRL,Modified_vaccinia_Ankara,-0.07399929427256467
Ireland,IE,IRL,Diarrhea,-0.07632262875420955
Ireland,IE,IRL,Parapoxvirus,-0.09577408348772475
Ireland,IE,IRL,Herpes_simplex_virus,-0.11159671005936968
Ireland,IE,IRL,Vomiting,-0.12582914373173626
Ireland,IE,IRL,Headache,-0.20581785037051822
Ireland,IE,IRL,Fever,-0.2392912101661575
Ireland,IE,IRL,Herpes,-0.2687640175032367
Ireland,IE,IRL,Myocarditis,-0.3553769406729349
Ireland,IE,IRL,Cough,-0.4641424711353571
Israel,IL,ISR,Herpangina,0.6979013379465456
Israel,IL,ISR,Proctitis,0.6865019587821347
Israel,IL,ISR,Wart,0.6438752209378489
Israel,IL,ISR,ACAM2000,0.5776006260616885
Israel,IL,ISR,Antivirals,0.5769602681043758
Israel,IL,ISR,Lesion,0.5078125935358023
Israel,IL,ISR,Balanitis,0.42449226859679445
Israel,IL,ISR,Encephalitis,0.4122041297986598
Israel,IL,ISR,Orthopoxvirus,0.37943215742468184
Israel,IL,ISR,Fomite,0.3601990427231605
Israel,IL,ISR,Mpox,0.33932461942894837
Israel,IL,ISR,Diarrhea,0.2359831370483386
Israel,IL,ISR,Tecovirimat,0.22253923343930584
Israel,IL,ISR,Shingles,0.20961800235924907
Israel,IL,ISR,Rash,0.19119448539761175
Israel,IL,ISR,Lymphadenopathy,0.15377518739586438
Israel,IL,ISR,Poxviridae,0.1389257012111582
Israel,IL,ISR,Smallpox,0.0429376568437399
Israel,IL,ISR,Edema,-0.018747757677359946
Israel,IL,ISR,Myalgia,-0.03364286668907518
Israel,IL,ISR,Smallpox_vaccine,-0.05458132963381214
Israel,IL,ISR,Cold_sore,-0.0658943310570048
Israel,IL,ISR,Monkeypox_virus,-0.07062953577061001
Israel,IL,ISR,Variola,-0.07980436647876395
Israel,IL,ISR,Fatigue,-0.12535807326351336
Israel,IL,ISR,Antipyretic,-0.13378994997203994
Israel,IL,ISR,Conjunctivitis,-0.15549823317233888
Israel,IL,ISR,Vomiting,-0.19946521843734652
Israel,IL,ISR,Chills,-0.21582952273099545
Israel,IL,ISR,Genital_wart,-0.2294989213314948
Israel,IL,ISR,Cough,-0.25158300949294066
Israel,IL,ISR,Fever,-0.2571482106995055
Israel,IL,ISR,Myocarditis,-0.26504481536303637
Israel,IL,ISR,Headache,-0.2712733932948243
Israel,IL,ISR,Urethritis,-0.27909061688976033
Israel,IL,ISR,Herpes,-0.3318778871052619
Israel,IL,ISR,Skin_condition,-0.43111459592539986
Italy,IT,ITA,Antivirals,0.7494473846229681
Italy,IT,ITA,Wart,0.6516524894103725
Italy,IT,ITA,ACAM2000,0.5797120222781561
Italy,IT,ITA,Herpangina,0.45555070030138306
Italy,IT,ITA,Mpox,0.32735086107599876
Italy,IT,ITA,Shingles,0.2975282204439962
Italy,IT,ITA,Lymphadenopathy,0.2716921585071799
Italy,IT,ITA,Conjunctivitis,0.21003132227029578
Italy,IT,ITA,Encephalitis,0.20529327038487524
Italy,IT,ITA,Herpes,0.19749807176304837
Italy,IT,ITA,Orthopoxvirus,0.1829482596611275
Italy,IT,ITA,Modified_vaccinia_Ankara,0.18222800786685978
Italy,IT,ITA,Antipyretic,0.14825983935037387
Italy,IT,ITA,Vomiting,0.14433058370786492
Italy,IT,ITA,Diarrhea,0.13769696234569725
Italy,IT,ITA,Urethritis,0.1250357846255417
Italy,IT,ITA,Back_pain,0.08118933398083623
Italy,IT,ITA,Fomite,0.0625613557175977
Italy,IT,ITA,Poxviridae,0.04867608685060075
Italy,IT,ITA,Variola,0.04094586550531429
Italy,IT,ITA,Genital_wart,0.0377199202312019
Italy,IT,ITA,Monkeypox_virus,0.0331444085541486
Italy,IT,ITA,Proctitis,0.0326800269090762
Italy,IT,ITA,Rash,0.01976353636134579
Italy,IT,ITA,Smallpox_vaccine,0.018309944128620557
Italy,IT,ITA,Tecovirimat,0.018148059248734985
Italy,IT,ITA,Edema,0.007398162677715197
Italy,IT,ITA,Cold_sore,-0.009739843664280604
Italy,IT,ITA,Parapoxvirus,-0.04288927374153733
Italy,IT,ITA,Smallpox,-0.05573903099219238
Italy,IT,ITA,Sore_throat,-0.07429648830690963
Italy,IT,ITA,DNA_virus,-0.07883248443512103
Italy,IT,ITA,Skin_condition,-0.0922319212736301
Italy,IT,ITA,Myalgia,-0.10945021955173616
Italy,IT,ITA,Chills,-0.14499630846758893
Italy,IT,ITA,Balanitis,-0.1721999413011182
Italy,IT,ITA,Lesion,-0.2042309148147406
Italy,IT,ITA,Fatigue,-0.24269301185985231
Italy,IT,ITA,Herpes_simplex_virus,-0.25615988658205885
Italy,IT,ITA,Myocarditis,-0.30605723035580396
Italy,IT,ITA,Fever,-0.36141659720114155
Italy,IT,ITA,Headache,-0.37678381523232685
Italy,IT,ITA,Cough,-0.4220100639800723
Lebanon,LB,LBN,Encephalitis,0.43606959521866473
Lebanon,LB,LBN,Conjunctivitis,0.1822788836536545
Lebanon,LB,LBN,Diarrhea,0.09240902013490297
Lebanon,LB,LBN,Lymphadenopathy,0.09152578373767008
Lebanon,LB,LBN,Wart,0.05409083256215621
Lebanon,LB,LBN,Orthopoxvirus,0.04299677227459168
Lebanon,LB,LBN,Antipyretic,0.039095118179369115
Lebanon,LB,LBN,Mpox,0.03821991945127787
Lebanon,LB,LBN,Tecovirimat,0.024951914622063948
Lebanon,LB,LBN,Edema,-0.026026674202523786
Lebanon,LB,LBN,Fever,-0.037049208730060804
Lebanon,LB,LBN,ACAM2000,-0.06321910619822348
Lebanon,LB,LBN,Smallpox_vaccine,-0.06321910619822348
Lebanon,LB,LBN,Cough,-0.0671012586821469
Lebanon,LB,LBN,Poxviridae,-0.08043192354629936
Lebanon,LB,LBN,Myocarditis,-0.10398927159488243
Lebanon,LB,LBN,Smallpox,-0.10785913028043641
Lebanon,LB,LBN,Fatigue,-0.11215524195987191
Lebanon,LB,LBN,Vomiting,-0.17177728727060967
Lebanon,LB,LBN,Headache,-0.17875861219151604
Lebanon,LB,LBN,Shingles,-0.19126647360788454
Lebanon,LB,LBN,Rash,-0.22919079539374554
Lebanon,LB,LBN,Herpes,-0.32753967977606135
Luxembourg,LU,LUX,Wart,0.4910709129643768
Luxembourg,LU,LUX,Encephalitis,0.39660044362852315
Luxembourg,LU,LUX,Mpox,0.37029006474450765
Luxembourg,LU,LUX,Orthopoxvirus,0.35869968424988935
Luxembourg,LU,LUX,Diarrhea,0.3215301623309563
Luxembourg,LU,LUX,Herpangina,0.2967889882193821
Luxembourg,LU,LUX,Herpes,0.2340645182566587
Luxembourg,LU,LUX,Shingles,0.10073280758468436
Luxembourg,LU,LUX,Conjunctivitis,0.08615633541073126
Luxembourg,LU,LUX,Lymphadenopathy,0.02627682446745665
Luxembourg,LU,LUX,Smallpox,-0.00566250597937604
Luxembourg,LU,LUX,Antipyretic,-0.015430701872326754
Luxembourg,LU,LUX,Smallpox_vaccine,-0.016530129830029393
Luxembourg,LU,LUX,Tecovirimat,-0.033441204435095864
Luxembourg,LU,LUX,Modified_vaccinia_Ankara,-0.036392021152650326
Luxembourg,LU,LUX,Urethritis,-0.06486325243300078
Luxembourg,LU,LUX,Vomiting,-0.06486325243300081
Luxembourg,LU,LUX,Monkeypox_virus,-0.06486325243300085
Luxembourg,LU,LUX,ACAM2000,-0.06486325243300088
Luxembourg,LU,LUX,Myalgia,-0.06486325243300088
Luxembourg,LU,LUX,Rash,-0.06486325243300088
Luxembourg,LU,LUX,Poxviridae,-0.07747159705012409
Luxembourg,LU,LUX,Headache,-0.07825901854974658
Luxembourg,LU,LUX,Edema,-0.08604923793654018
Luxembourg,LU,LUX,Genital_wart,-0.09069177604396199
Luxembourg,LU,LUX,Lesion,-0.1953245782333119
Luxembourg,LU,LUX,Myocarditis,-0.27115280360982313
Luxembourg,LU,LUX,Fever,-0.2796661779475395
Luxembourg,LU,LUX,Chills,-0.4573330832923959
Malta,MT,MLT,Conjunctivitis,0.23677410204559962
Malta,MT,MLT,Lymphadenopathy,0.1973994890875568
Malta,MT,MLT,Mpox,0.18316424769185596
Malta,MT,MLT,Diarrhea,0.1261571452170846
Malta,MT,MLT,Tecovirimat,0.11375772205139313
Malta,MT,MLT,Orthopoxvirus,0.07751935080762044
Malta,MT,MLT,Smallpox,0.030331023753069387
Malta,MT,MLT,Wart,0.018622904644426484
Malta,MT,MLT,Edema,-0.009950635107710413
Malta,MT,MLT,Shingles,-0.02669430039740872
Malta,MT,MLT,Smallpox_vaccine,-0.04812538538022429
Malta,MT,MLT,ACAM2000,-0.04812538538022433
Malta,MT,MLT,Monkeypox_virus,-0.04812538538022433
Malta,MT,MLT,Poxviridae,-0.05470022105711889
Malta,MT,MLT,Antipyretic,-0.066485542864879
Malta,MT,MLT,Myocarditis,-0.08913332832439164
Malta,MT,MLT,Encephalitis,-0.16922799760322002
Malta,MT,MLT,Fever,-0.23923810708411183
Mexico,MX,MEX,Lesion,0.5178147212667353
Mexico,MX,MEX,Myalgia,0.42528164986591444
Mexico,MX,MEX,Lymphadenopathy,0.16394473559271897
Mexico,MX,MEX,Conjunctivitis,0.1375224171576272
Mexico,MX,MEX,Vomiting,0.10521355684618632
Mexico,MX,MEX,Parapoxvirus,0.02603660528137861
Mexico,MX,MEX,Cold_sore,0.019213108563590677
Mexico,MX,MEX,Genital_wart,0.006111732842184549
Mexico,MX,MEX,Tecovirimat,-0.04703238974779203
Mexico,MX,MEX,Fomite,-0.05438296388469755
Mexico,MX,MEX,Herpangina,-0.07151536337519841
Mexico,MX,MEX,Balanitis,-0.07392334040214713
Mexico,MX,MEX,Monkeypox_virus,-0.09650959309152518
Mexico,MX,MEX,Poxviridae,-0.10823684991010502
Mexico,MX,MEX,Orthopoxvirus,-0.11566436587227939
Mexico,MX,MEX,Herpes,-0.11806959741779252
Mexico,MX,MEX,Variola,-0.12296475658589004
Mexico,MX,MEX,Smallpox_vaccine,-0.16812974347057588
Mexico,MX,MEX,Mpox,-0.1786295303899794
Mexico,MX,MEX,Antipyretic,-0.17932773096127
Mexico,MX,MEX,Smallpox,-0.18562797542560933
Mexico,MX,MEX,Fatigue,-0.20209766683795638
Mexico,MX,MEX,Myocarditis,-0.20423784773955747
Mexico,MX,MEX,Edema,-0.22073081825008198
Mexico,MX,MEX,Antivirals,-0.22183891008939785
Mexico,MX,MEX,Wart,-0.2295387127360099
Mexico,MX,MEX,ACAM2000,-0.24453982914648378
Mexico,MX,MEX,Shingles,-0.25191723988777925
Mexico,MX,MEX,Encephalitis,-0.29415621930245883
Mexico,MX,MEX,Rash,-0.3001340463535766
Mexico,MX,MEX,Urethritis,-0.35073967773375525
Mexico,MX,MEX,Cough,-0.3824325622564808
Mexico,MX,MEX,Proctitis,-0.3907537944580973
Mexico,MX,MEX,Chills,-0.3967677303307231
Mexico,MX,MEX,Fever,-0.43835399200371805
Mexico,MX,MEX,Headache,-0.4720759205116384
Mexico,MX,MEX,Diarrhea,-0.5362736481895658
Netherlands,NL,NLD,Antivirals,0.9201823100209451
Netherlands,NL,NLD,Wart,0.7571615113606277
Netherlands,NL,NLD,Rash,0.7502511752543902
Netherlands,NL,NLD,Herpangina,0.6681861659263465
Netherlands,NL,NLD,ACAM2000,0.6671722232597651
Netherlands,NL,NLD,Herpes_simplex_virus,0.5492743497435072
Netherlands,NL,NLD,Proctitis,0.5148618929769263
Netherlands,NL,NLD,Encephalitis,0.49054326305615786
Netherlands,NL,NLD,Shingles,0.43818269172041213
Netherlands,NL,NLD,Balanitis,0.43171265207603915
Netherlands,NL,NLD,Orthopoxvirus,0.4081979868110846
Netherlands,NL,NLD,Tecovirimat,0.2449670032685216
Netherlands,NL,NLD,Diarrhea,0.24103305021165186
Netherlands,NL,NLD,Fatigue,0.21167493347071928
Netherlands,NL,NLD,Skin_infection,0.18856386391665833
Netherlands,NL,NLD,Poxviridae,0.1817498508137267
Netherlands,NL,NLD,Parapoxvirus,0.1667892512172589
Netherlands,NL,NLD,Fomite,0.13210152467707004
Netherlands,NL,NLD,Modified_vaccinia_Ankara,0.12369496467096615
Netherlands,NL,NLD,Genital_wart,0.11166131641198027
Netherlands,NL,NLD,Variola,0.10512616663997365
Netherlands,NL,NLD,Mpox,0.1045932163614726
Netherlands,NL,NLD,Lymphadenopathy,0.10194771322505686
Netherlands,NL,NLD,Smallpox_vaccine,0.09252086666099618
Netherlands,NL,NLD,Vomiting,0.07569072906596193
Netherlands,NL,NLD,Lesion,0.07279105806901269
Netherlands,NL,NLD,Monkeypox_virus,0.07217279562355294
Netherlands,NL,NLD,Urethritis,0.05244791975358494
Netherlands,NL,NLD,Smallpox,0.01797871310539283
Netherlands,NL,NLD,Myalgia,-0.027509076221461228
Netherlands,NL,NLD,Genital_herpes,-0.06357821218433464
Netherlands,NL,NLD,List_of_skin_conditions,-0.07695703649681171
Netherlands,NL,NLD,Herpes,-0.09432440565648186
Netherlands,NL,NLD,Chills,-0.1459983777657748
Netherlands,NL,NLD,Antipyretic,-0.17330672055401186
Netherlands,NL,NLD,Edema,-0.1752919502156578
Netherlands,NL,NLD,Skin_condition,-0.1753549007255648
Netherlands,NL,NLD,Sore_throat,-0.1788624806059865
Netherlands,NL,NLD,Myocarditis,-0.1886371762224442
Netherlands,NL,NLD,Conjunctivitis,-0.1898202830146465
Netherlands,NL,NLD,Cold_sore,-0.20134370759497297
Netherlands,NL,NLD,Back_pain,-0.2161182404671335
Netherlands,NL,NLD,DNA_virus,-0.2678286784853026
Netherlands,NL,NLD,Headache,-0.2843240390846578
Netherlands,NL,NLD,Fever,-0.2928590413087372
Netherlands,NL,NLD,Cough,-0.5140315224373483
New Zealand,NZ,NZL,Conjunctivitis,0.3534047270447133
New Zealand,NZ,NZL,Balanitis,0.34944829160643964
New Zealand,NZ,NZL,Herpangina,0.2538513890742695
New Zealand,NZ,NZL,Vomiting,0.2443216650033894
New Zealand,NZ,NZL,Lesion,0.1743478132229839
New Zealand,NZ,NZL,Myalgia,0.13346502111692762
New Zealand,NZ,NZL,Fatigue,0.1086620824494962
New Zealand,NZ,NZL,Cough,0.06402916727043798
New Zealand,NZ,NZL,Encephalitis,0.009620840506854056
New Zealand,NZ,NZL,Wart,0.0073104180130840095
New Zealand,NZ,NZL,Proctitis,-0.010962809179750043
New Zealand,NZ,NZL,Fever,-0.02678863156837783
New Zealand,NZ,NZL,Antipyretic,-0.03584652495710642
New Zealand,NZ,NZL,Chills,-0.0693032806875155
New Zealand,NZ,NZL,Urethritis,-0.0705144987201117
New Zealand,NZ,NZL,Parapoxvirus,-0.08139106542261886
New Zealand,NZ,NZL,Headache,-0.08292443702138645
New Zealand,NZ,NZL,Variola,-0.08385119076000933
New Zealand,NZ,NZL,Orthopoxvirus,-0.10216481719530701
New Zealand,NZ,NZL,Mpox,-0.10937296577619217
New Zealand,NZ,NZL,Poxviridae,-0.10993959217257993
New Zealand,NZ,NZL,Tecovirimat,-0.11012007738448074
New Zealand,NZ,NZL,Monkeypox_virus,-0.11369732984141266
New Zealand,NZ,NZL,Edema,-0.11492407688560442
New Zealand,NZ,NZL,Myocarditis,-0.11808146125175097
New Zealand,NZ,NZL,Herpes,-0.12066489196382602
New Zealand,NZ,NZL,Antivirals,-0.12175570624106408
New Zealand,NZ,NZL,Smallpox_vaccine,-0.13029093230508787
New Zealand,NZ,NZL,Genital_wart,-0.1383870631374434
New Zealand,NZ,NZL,ACAM2000,-0.14943029512555425
New Zealand,NZ,NZL,Smallpox,-0.15273663647937835
New Zealand,NZ,NZL,Lymphadenopathy,-0.1646367672178873
New Zealand,NZ,NZL,Rash,-0.18617743890352254
New Zealand,NZ,NZL,Fomite,-0.1986170015018004
New Zealand,NZ,NZL,Shingles,-0.20181178720196494
New Zealand,NZ,NZL,Herpes_simplex_virus,-0.27724048551729
New Zealand,NZ,NZL,Diarrhea,-0.3396269686862169
Nigeria,NG,NGA,Herpangina,0.5975432021722314
Nigeria,NG,NGA,Herpes,0.5262974130955558
Nigeria,NG,NGA,Wart,0.4307747511433102
Nigeria,NG,NGA,Conjunctivitis,0.4256508572352762
Nigeria,NG,NGA,Encephalitis,0.23950284042252448
Nigeria,NG,NGA,Fever,0.16727164069034112
Nigeria,NG,NGA,Lesion,0.10461041787312608
Nigeria,NG,NGA,Antipyretic,0.09402929996515658
Nigeria,NG,NGA,ACAM2000,0.057208650717584526
Nigeria,NG,NGA,Antivirals,0.05657235000408011
Nigeria,NG,NGA,Lymphadenopathy,0.04829384075578492
Nigeria,NG,NGA,Orthopoxvirus,0.01992946054173464
Nigeria,NG,NGA,Vomiting,0.010716676392531765
Nigeria,NG,NGA,Mpox,-0.013873656487487928
Nigeria,NG,NGA,Tecovirimat,-0.03139908992694705
Nigeria,NG,NGA,Poxviridae,-0.06945481226920285
Nigeria,NG,NGA,Urethritis,-0.0975058970787674
Nigeria,NG,NGA,Proctitis,-0.09880901977850125
Nigeria,NG,NGA,Headache,-0.10217320667846466
Nigeria,NG,NGA,Cough,-0.11896569431912946
Nigeria,NG,NGA,Smallpox_vaccine,-0.11900478017515848
Nigeria,NG,NGA,Variola,-0.12464086576296868
Nigeria,NG,NGA,Parapoxvirus,-0.12788651675220647
Nigeria,NG,NGA,Myalgia,-0.14863235202517638
Nigeria,NG,NGA,Smallpox,-0.15283341998271013
Nigeria,NG,NGA,Edema,-0.16199028558336884
Nigeria,NG,NGA,Shingles,-0.1837910578026964
Nigeria,NG,NGA,Fatigue,-0.21024362485562073
Nigeria,NG,NGA,Fomite,-0.27209116010766876
Nigeria,NG,NGA,Rash,-0.30756902590769303
Nigeria,NG,NGA,Balanitis,-0.32699678826533607
Nigeria,NG,NGA,Chills,-0.35148803043745297
Nigeria,NG,NGA,Myocarditis,-0.3545869208285869
Nigeria,NG,NGA,Diarrhea,-0.47683344652408644
Norway,NO,NOR,ACAM2000,0.5183947725429222
Norway,NO,NOR,Antivirals,0.5068804515294738
Norway,NO,NOR,Herpangina,0.4414266313445207
Norway,NO,NOR,Rash,0.42701083750488356
Norway,NO,NOR,Proctitis,0.4240967672881659
Norway,NO,NOR,Wart,0.4141656352579063
Norway,NO,NOR,Herpes,0.3588086401050356
Norway,NO,NOR,Lesion,0.3024814530323981
Norway,NO,NOR,Orthopoxvirus,0.2863300312019449
Norway,NO,NOR,Mpox,0.26330075876860254
Norway,NO,NOR,Lymphadenopathy,0.23936091187095554
Norway,NO,NOR,Encephalitis,0.2016664250784208
Norway,NO,NOR,Balanitis,0.20099018658954038
Norway,NO,NOR,Tecovirimat,0.19479952711572604
Norway,NO,NOR,Fomite,0.1819670542235146
Norway,NO,NOR,Shingles,0.1306031911324783
Norway,NO,NOR,Fatigue,0.07438223686912476
Norway,NO,NOR,Poxviridae,0.0680611913321626
Norway,NO,NOR,Diarrhea,0.05879196414505856
Norway,NO,NOR,Antipyretic,0.058601994170427045
Norway,NO,NOR,Genital_wart,0.044442640376499296
Norway,NO,NOR,DNA_virus,0.02785069734634473
Norway,NO,NOR,Smallpox,0.02252181059518421
Norway,NO,NOR,Myalgia,-0.018971203985041745
Norway,NO,NOR,Monkeypox_virus,-0.020711308513932224
Norway,NO,NOR,Modified_vaccinia_Ankara,-0.03373232625494357
Norway,NO,NOR,Edema,-0.040810370410952715
Norway,NO,NOR,Headache,-0.04127616929063281
Norway,NO,NOR,Smallpox_vaccine,-0.055160617891702894
Norway,NO,NOR,Variola,-0.08161216792503766
Norway,NO,NOR,Vomiting,-0.13302150377411218
Norway,NO,NOR,Conjunctivitis,-0.18394854444568123
Norway,NO,NOR,Fever,-0.19709506575688931
Norway,NO,NOR,Myocarditis,-0.22799657364622317
Norway,NO,NOR,Cough,-0.2607116936477783
Norway,NO,NOR,Chills,-0.28860238232558366
Norway,NO,NOR,Cold_sore,-0.31708767314002756
Norway,NO,NOR,Urethritis,-0.4042679139096571
Panama,PA,PAN,Lymphadenopathy,0.41729648448522344
Panama,PA,PAN,Conjunctivitis,0.37492012870035896
Panama,PA,PAN,Myalgia,0.21989927341879473
Panama,PA,PAN,Vomiting,0.14149763481264474
Panama,PA,PAN,Balanitis,0.12459064064986455
Panama,PA,PAN,Cough,0.06522635275840943
Panama,PA,PAN,Headache,-5.315384224265108e-4
Panama,PA,PAN,Encephalitis,-0.05583753353350116
Panama,PA,PAN,ACAM2000,-0.06555050981572692
Panama,PA,PAN,Myocarditis,-0.07082070310124886
Panama,PA,PAN,Wart,-0.07097234593875922
Panama,PA,PAN,Chills,-0.09203064242132368
Panama,PA,PAN,Smallpox_vaccine,-0.09281367991867956
Panama,PA,PAN,Proctitis,-0.11169779060738205
Panama,PA,PAN,Poxviridae,-0.12404402066796903
Panama,PA,PAN,Smallpox,-0.13440319931062797
Panama,PA,PAN,Tecovirimat,-0.1468316770861548
Panama,PA,PAN,Urethritis,-0.14755061497757965
Panama,PA,PAN,Lesion,-0.14842159441040775
Panama,PA,PAN,Fatigue,-0.15763907985983455
Panama,PA,PAN,Orthopoxvirus,-0.15806513118038812
Panama,PA,PAN,Mpox,-0.16160660534984933
Panama,PA,PAN,Herpangina,-0.18782019446068504
Panama,PA,PAN,Antipyretic,-0.22487378395699795
Panama,PA,PAN,Fever,-0.23877321518670908
Panama,PA,PAN,Shingles,-0.28393368846096223
Panama,PA,PAN,Edema,-0.29110713951567113
Panama,PA,PAN,Fomite,-0.2922596912469589
Panama,PA,PAN,Diarrhea,-0.4485477372050665
Paraguay,PY,PRY,Lymphadenopathy,0.45466765372777157
Paraguay,PY,PRY,Myalgia,0.24552955106756483
Paraguay,PY,PRY,Conjunctivitis,0.2443716615228727
Paraguay,PY,PRY,Balanitis,0.1413259553639207
Paraguay,PY,PRY,Vomiting,0.11811996425869481
Paraguay,PY,PRY,Headache,0.09612148140624034
Paraguay,PY,PRY,Encephalitis,0.01016026076776187
Paraguay,PY,PRY,Cough,-0.06382091214580878
Paraguay,PY,PRY,Smallpox_vaccine,-0.07120743328580316
Paraguay,PY,PRY,Fatigue,-0.07798464355736127
Paraguay,PY,PRY,Herpes,-0.08808483504682711
Paraguay,PY,PRY,Myocarditis,-0.12789416184092667
Paraguay,PY,PRY,Urethritis,-0.14048659014360507
Paraguay,PY,PRY,Smallpox,-0.15197713168429913
Paraguay,PY,PRY,Orthopoxvirus,-0.15866812520661594
Paraguay,PY,PRY,Tecovirimat,-0.1731013679970527
Paraguay,PY,PRY,Fever,-0.17749301787960567
Paraguay,PY,PRY,Poxviridae,-0.18326357240049002
Paraguay,PY,PRY,Lesion,-0.18330842428823588
Paraguay,PY,PRY,Mpox,-0.185393619423718
Paraguay,PY,PRY,Shingles,-0.1866127988123462
Paraguay,PY,PRY,Herpangina,-0.26773714414237104
Paraguay,PY,PRY,Wart,-0.2696338902542676
Paraguay,PY,PRY,Antipyretic,-0.27298317672592515
Paraguay,PY,PRY,Fomite,-0.27789708201673347
Paraguay,PY,PRY,Edema,-0.28719996675039455
Paraguay,PY,PRY,Diarrhea,-0.39369685282001715
Peru,PE,PER,Lesion,0.4507562389025088
Peru,PE,PER,Herpes,0.33881850185654033
Peru,PE,PER,Myalgia,0.31796215789163834
Peru,PE,PER,Tecovirimat,0.27519582021085354
Peru,PE,PER,Fatigue,0.2735449510487846
Peru,PE,PER,Conjunctivitis,0.18003242533403274
Peru,PE,PER,Balanitis,0.09073124087202201
Peru,PE,PER,Lymphadenopathy,0.07223518707087392
Peru,PE,PER,Antivirals,0.04329111398418044
Peru,PE,PER,Orthopoxvirus,0.02438957537072349
Peru,PE,PER,Encephalitis,0.018812925462576992
Peru,PE,PER,Mpox,0.018488202959141845
Peru,PE,PER,Vomiting,-0.0013092471173086321
Peru,PE,PER,Fomite,-0.00708955022233074
Peru,PE,PER,Poxviridae,-0.009058086583874142
Peru,PE,PER,Wart,-0.03974380523178628
Peru,PE,PER,ACAM2000,-0.06540630818349352
Peru,PE,PER,Monkeypox_virus,-0.09862922361387012
Peru,PE,PER,Variola,-0.09862922361387012
Peru,PE,PER,Parapoxvirus,-0.0992989904809269
Peru,PE,PER,Proctitis,-0.10147785464004631
Peru,PE,PER,Smallpox_vaccine,-0.11409941697752347
Peru,PE,PER,Smallpox,-0.11773001848215033
Peru,PE,PER,Edema,-0.172781356085478
Peru,PE,PER,Antipyretic,-0.1757004769825657
Peru,PE,PER,Shingles,-0.1851683823262237
Peru,PE,PER,Herpangina,-0.19739623606726625
Peru,PE,PER,Myocarditis,-0.30707591473974366
Peru,PE,PER,Headache,-0.33769226351386017
Peru,PE,PER,Diarrhea,-0.4062512795106117
Peru,PE,PER,Urethritis,-0.41104798001310494
Peru,PE,PER,Chills,-0.46945352522644945
Peru,PE,PER,Cough,-0.4763281752338611
Peru,PE,PER,Fever,-0.5053104934715262
Poland,PL,POL,Herpes,0.7464536089855545
Poland,PL,POL,Herpangina,0.7095857962530733
Poland,PL,POL,Headache,0.45457807240539994
Poland,PL,POL,Antivirals,0.45053270938857226
Poland,PL,POL,Encephalitis,0.40402826409142695
Poland,PL,POL,ACAM2000,0.4024438880716114
Poland,PL,POL,Wart,0.2907400658211929
Poland,PL,POL,Orthopoxvirus,0.25515253937501653
Poland,PL,POL,Balanitis,0.23477265741739972
Poland,PL,POL,Mpox,0.23324110278282373
Poland,PL,POL,Fomite,0.21466315326202268
Poland,PL,POL,Shingles,0.21332975468349696
Poland,PL,POL,Antipyretic,0.14329785329309244
Poland,PL,POL,Tecovirimat,0.1292260856144758
Poland,PL,POL,Cold_sore,0.1149127528430014
Poland,PL,POL,Rash,0.09030946772095173
Poland,PL,POL,Modified_vaccinia_Ankara,0.027658541410960146
Poland,PL,POL,Smallpox,0.025250032317873865
Poland,PL,POL,Conjunctivitis,-0.006865774550087872
Poland,PL,POL,Variola,-0.019811706258316308
Poland,PL,POL,Lesion,-0.02403151513753939
Poland,PL,POL,Genital_wart,-0.035579663353721334
Poland,PL,POL,Proctitis,-0.04678304889601996
Poland,PL,POL,Diarrhea,-0.049291875818684334
Poland,PL,POL,Smallpox_vaccine,-0.051502646090524414
Poland,PL,POL,Monkeypox_virus,-0.08634832973836434
Poland,PL,POL,Skin_condition,-0.09255949682754135
Poland,PL,POL,Urethritis,-0.10122049957117206
Poland,PL,POL,Parapoxvirus,-0.11199765869567085
Poland,PL,POL,Edema,-0.13468357727402658
Poland,PL,POL,Poxviridae,-0.1459228843113207
Poland,PL,POL,Fatigue,-0.22457437508931274
Poland,PL,POL,Myocarditis,-0.25374527682774595
Poland,PL,POL,Lymphadenopathy,-0.291565062788052
Poland,PL,POL,Fever,-0.3522609946383745
Poland,PL,POL,Vomiting,-0.3847835085526494
Poland,PL,POL,Myalgia,-0.41508698714489317
Poland,PL,POL,Chills,-0.4295119225621211
Poland,PL,POL,Cough,-0.516358824817915
Portugal,PT,PRT,Orthopoxvirus,0.6724106788152315
Portugal,PT,PRT,Wart,0.6372058805370906
Portugal,PT,PRT,Shingles,0.624025798311981
Portugal,PT,PRT,Proctitis,0.5894316645313566
Portugal,PT,PRT,Rash,0.5496611215268727
Portugal,PT,PRT,ACAM2000,0.535480933309424
Portugal,PT,PRT,Poxviridae,0.5289744470929774
Portugal,PT,PRT,Balanitis,0.5222179813406882
Portugal,PT,PRT,Antivirals,0.47980554848059104
Portugal,PT,PRT,Mpox,0.4776899881294338
Portugal,PT,PRT,Lymphadenopathy,0.44101645021534863
Portugal,PT,PRT,Tecovirimat,0.41386706340524987
Portugal,PT,PRT,Smallpox,0.3092331376682423
Portugal,PT,PRT,Encephalitis,0.2884905558038427
Portugal,PT,PRT,Skin_condition,0.25467691044747365
Portugal,PT,PRT,Fomite,0.24882340576430198
Portugal,PT,PRT,Diarrhea,0.2413633559832345
Portugal,PT,PRT,Smallpox_vaccine,0.22629901751035186
Portugal,PT,PRT,Cough,0.21897628780230485
Portugal,PT,PRT,Back_pain,0.0811759011188867
Portugal,PT,PRT,Variola,0.0769018446272874
Portugal,PT,PRT,Lesion,0.06693625597268937
Portugal,PT,PRT,Monkeypox_virus,0.057932113153478675
Portugal,PT,PRT,Modified_vaccinia_Ankara,0.04807987067207409
Portugal,PT,PRT,Headache,0.037604982606595824
Portugal,PT,PRT,Antipyretic,-0.017051869099039167
Portugal,PT,PRT,Fatigue,-0.02728399858436985
Portugal,PT,PRT,Vomiting,-0.03206646606655667
Portugal,PT,PRT,Genital_wart,-0.06767739316924813
Portugal,PT,PRT,Herpes,-0.06799315246588297
Portugal,PT,PRT,Fever,-0.07353758846711653
Portugal,PT,PRT,Conjunctivitis,-0.11664103088106456
Portugal,PT,PRT,Parapoxvirus,-0.13285034876172996
Portugal,PT,PRT,Myalgia,-0.13738117636090375
Portugal,PT,PRT,Urethritis,-0.2136578541186249
Portugal,PT,PRT,Chills,-0.22449340619113559
Portugal,PT,PRT,Myocarditis,-0.2506439214966777
Portugal,PT,PRT,Edema,-0.26659176040326077
Portugal,PT,PRT,Herpangina,-0.29139785874398144
Portugal,PT,PRT,Cold_sore,-0.2957680871461511
Puerto Rico,PR,PRI,Fatigue,0.370136527551214
Puerto Rico,PR,PRI,Herpes,0.35046945561259224
Puerto Rico,PR,PRI,Lymphadenopathy,0.2777031667415864
Puerto Rico,PR,PRI,Encephalitis,0.14385645957743604
Puerto Rico,PR,PRI,Vomiting,0.10544038779373371
Puerto Rico,PR,PRI,Fomite,0.09615340324220772
Puerto Rico,PR,PRI,Myalgia,0.0919825215555772
Puerto Rico,PR,PRI,Balanitis,0.06931273602368429
Puerto Rico,PR,PRI,Mpox,0.03615804563027634
Puerto Rico,PR,PRI,Antivirals,0.03159557078250863
Puerto Rico,PR,PRI,Lesion,0.029775588149937228
Puerto Rico,PR,PRI,Edema,0.015968603487718353
Puerto Rico,PR,PRI,Orthopoxvirus,0.013537347498034145
Puerto Rico,PR,PRI,ACAM2000,0.010537651735212334
Puerto Rico,PR,PRI,Shingles,0.0017287847120820783
Puerto Rico,PR,PRI,Tecovirimat,-0.01722633951443102
Puerto Rico,PR,PRI,Poxviridae,-0.05914069851134609
Puerto Rico,PR,PRI,Variola,-0.07495031408886084
Puerto Rico,PR,PRI,Smallpox,-0.07615013197551561
Puerto Rico,PR,PRI,Cough,-0.12004353753461493
Puerto Rico,PR,PRI,Headache,-0.16610864417774499
Puerto Rico,PR,PRI,Diarrhea,-0.18618581761124917
Puerto Rico,PR,PRI,Myocarditis,-0.20311371023863803
Puerto Rico,PR,PRI,Antipyretic,-0.20535828243957902
Puerto Rico,PR,PRI,Conjunctivitis,-0.21889682125564472
Puerto Rico,PR,PRI,Wart,-0.24661388192011655
Puerto Rico,PR,PRI,Fever,-0.34477943870103245
Romania,RO,ROU,Herpangina,0.7103852885179164
Romania,RO,ROU,Fatigue,0.5826073139986089
Romania,RO,ROU,Wart,0.509568290086725
Romania,RO,ROU,Balanitis,0.5040421064940112
Romania,RO,ROU,Lymphadenopathy,0.47784514434934106
Romania,RO,ROU,ACAM2000,0.4430494775568491
Romania,RO,ROU,Proctitis,0.4328252198955346
Romania,RO,ROU,Lesion,0.4298638775928961
Romania,RO,ROU,Cold_sore,0.4218316294010692
Romania,RO,ROU,Rash,0.37972296339073425
Romania,RO,ROU,Urethritis,0.2945139284609629
Romania,RO,ROU,Antivirals,0.29329715153046054
Romania,RO,ROU,Orthopoxvirus,0.24626585065821843
Romania,RO,ROU,Shingles,0.21836601168949757
Romania,RO,ROU,Mpox,0.2170462947333645
Romania,RO,ROU,Encephalitis,0.1736805263564084
Romania,RO,ROU,Tecovirimat,0.13023965835715112
Romania,RO,ROU,Fomite,0.1302087229231064
Romania,RO,ROU,Myalgia,0.11843236202569798
Romania,RO,ROU,Diarrhea,0.03554583315982231
Romania,RO,ROU,Herpes,0.02791457250424393
Romania,RO,ROU,Poxviridae,0.0096251948093596
Romania,RO,ROU,Edema,-0.037078476689122265
Romania,RO,ROU,Smallpox,-0.041729565335963406
Romania,RO,ROU,Antipyretic,-0.04391525435220808
Romania,RO,ROU,Vomiting,-0.048001477246803544
Romania,RO,ROU,Modified_vaccinia_Ankara,-0.08209379231348525
Romania,RO,ROU,Monkeypox_virus,-0.08209379231348525
Romania,RO,ROU,Parapoxvirus,-0.08209379231348525
Romania,RO,ROU,Variola,-0.0830452652432307
Romania,RO,ROU,Smallpox_vaccine,-0.09158129552644002
Romania,RO,ROU,Skin_condition,-0.09423224940163474
Romania,RO,ROU,Genital_wart,-0.11456710786317903
Romania,RO,ROU,Fever,-0.12506656556668647
Romania,RO,ROU,Conjunctivitis,-0.2012378679491647
Romania,RO,ROU,Myocarditis,-0.24499825357823546
Romania,RO,ROU,Headache,-0.2879205024598828
Romania,RO,ROU,DNA_virus,-0.38959120974512634
Romania,RO,ROU,Cough,-0.4417047377659111
Romania,RO,ROU,Chills,-0.45547168066869415
Serbia,RS,SRB,ACAM2000,0.39587512627424154
Serbia,RS,SRB,Lymphadenopathy,0.3580968754668459
Serbia,RS,SRB,Wart,0.3314295558606868
Serbia,RS,SRB,Antivirals,0.31913318136443886
Serbia,RS,SRB,Herpes,0.28210958228648236
Serbia,RS,SRB,Cold_sore,0.2685671937955545
Serbia,RS,SRB,Orthopoxvirus,0.2660749473738632
Serbia,RS,SRB,Shingles,0.24732482238696207
Serbia,RS,SRB,Mpox,0.23425242672195887
Serbia,RS,SRB,Proctitis,0.211833343208399
Serbia,RS,SRB,Herpangina,0.17533230313972625
Serbia,RS,SRB,Fomite,0.16820991355485432
Serbia,RS,SRB,Poxviridae,0.16774566532967133
Serbia,RS,SRB,Tecovirimat,0.13982792889333442
Serbia,RS,SRB,Diarrhea,0.1284680208184883
Serbia,RS,SRB,Myalgia,0.12482269658191876
Serbia,RS,SRB,Encephalitis,0.0898041455962837
Serbia,RS,SRB,Lesion,0.052344361787009845
Serbia,RS,SRB,Smallpox,0.02845646054259675
Serbia,RS,SRB,Antipyretic,0.014322679172809761
Serbia,RS,SRB,Rash,-0.008238746890944403
Serbia,RS,SRB,Edema,-0.013487608957040093
Serbia,RS,SRB,Balanitis,-0.04982882021758045
Serbia,RS,SRB,Monkeypox_virus,-0.05000113455224735
Serbia,RS,SRB,Sore_throat,-0.056262840169033906
Serbia,RS,SRB,Variola,-0.05772123659788778
Serbia,RS,SRB,Smallpox_vaccine,-0.0648149585883608
Serbia,RS,SRB,Conjunctivitis,-0.06774772066649073
Serbia,RS,SRB,Myocarditis,-0.1037224334914201
Serbia,RS,SRB,Vomiting,-0.11938356513473074
Serbia,RS,SRB,Fever,-0.1313588343084824
Serbia,RS,SRB,Chills,-0.14251652082311225
Serbia,RS,SRB,Fatigue,-0.18633871569970073
Serbia,RS,SRB,Urethritis,-0.20591459572881288
Serbia,RS,SRB,Headache,-0.20833235904583655
Serbia,RS,SRB,Cough,-0.27491844766815643
Slovenia,SI,SVN,Orthopoxvirus,0.5649402996477312
Slovenia,SI,SVN,Diarrhea,0.5414717139024011
Slovenia,SI,SVN,ACAM2000,0.5060492115966918
Slovenia,SI,SVN,Antivirals,0.470040381462464
Slovenia,SI,SVN,Mpox,0.46439419689892386
Slovenia,SI,SVN,Herpangina,0.4464156028441109
Slovenia,SI,SVN,Wart,0.3966556170603602
Slovenia,SI,SVN,Tecovirimat,0.35421687308169264
Slovenia,SI,SVN,Shingles,0.2998588592943704
Slovenia,SI,SVN,Fomite,0.23043696261257116
Slovenia,SI,SVN,Encephalitis,0.19119528325031526
Slovenia,SI,SVN,Lymphadenopathy,0.17880807764111192
Slovenia,SI,SVN,Smallpox,0.158590885918389
Slovenia,SI,SVN,Myalgia,0.09828453677026504
Slovenia,SI,SVN,Balanitis,0.03273998175865905
Slovenia,SI,SVN,Poxviridae,0.015110693270893006
Slovenia,SI,SVN,Smallpox_vaccine,-0.026301599787510337
Slovenia,SI,SVN,Conjunctivitis,-0.04415469139505597
Slovenia,SI,SVN,Edema,-0.04931987611510704
Slovenia,SI,SVN,Lesion,-0.05729657046351073
Slovenia,SI,SVN,Monkeypox_virus,-0.058898203037412944
Slovenia,SI,SVN,Variola,-0.05889820303741314
Slovenia,SI,SVN,Rash,-0.13286834228627634
Slovenia,SI,SVN,Chills,-0.13422690185407646
Slovenia,SI,SVN,Myocarditis,-0.14220835561972697
Slovenia,SI,SVN,Vomiting,-0.14744672382804522
Slovenia,SI,SVN,Fever,-0.15673700251226624
Slovenia,SI,SVN,Herpes,-0.1789665963395922
Slovenia,SI,SVN,Fatigue,-0.2106175498049092
Slovenia,SI,SVN,Antipyretic,-0.2726644214848592
Slovenia,SI,SVN,Headache,-0.31685930925884853
Slovenia,SI,SVN,Cough,-0.45834290238591124
Spain,ES,ESP,Antivirals,0.6678548993958081
Spain,ES,ESP,ACAM2000,0.6571293272029344
Spain,ES,ESP,Wart,0.6264210675022449
Spain,ES,ESP,Tecovirimat,0.4894625860260573
Spain,ES,ESP,Mpox,0.3910938314869258
Spain,ES,ESP,Encephalitis,0.3577522811097151
Spain,ES,ESP,Shingles,0.3504187743433814
Spain,ES,ESP,Orthopoxvirus,0.28540959653949943
Spain,ES,ESP,Herpangina,0.18958058936630182
Spain,ES,ESP,Balanitis,0.17450770729002793
Spain,ES,ESP,Rash,0.14974693573993478
Spain,ES,ESP,Genital_wart,0.1434571307622374
Spain,ES,ESP,Conjunctivitis,0.13966573762169598
Spain,ES,ESP,Poxviridae,0.13254322858947082
Spain,ES,ESP,Lymphadenopathy,0.10654764941704897
Spain,ES,ESP,Parapoxvirus,0.0656939312962463
Spain,ES,ESP,Modified_vaccinia_Ankara,0.0543949045655295
Spain,ES,ESP,Proctitis,0.03425992484130663
Spain,ES,ESP,Smallpox_vaccine,0.03335762221354315
Spain,ES,ESP,Variola,0.03295694767576428
Spain,ES,ESP,Cold_sore,0.016106177184617817
Spain,ES,ESP,Monkeypox_virus,0.009911384001009582
Spain,ES,ESP,Smallpox,0.006960964643603088
Spain,ES,ESP,Myalgia,-0.0023600250394621982
Spain,ES,ESP,Fatigue,-0.0071395612556726835
Spain,ES,ESP,Fomite,-0.03866480605010162
Spain,ES,ESP,Diarrhea,-0.04661851844404979
Spain,ES,ESP,Edema,-0.07744393439130039
Spain,ES,ESP,Lesion,-0.12463313578376362
Spain,ES,ESP,Herpes,-0.15087449640477374
Spain,ES,ESP,Vomiting,-0.17049139005624897
Spain,ES,ESP,Antipyretic,-0.1780737598803934
Spain,ES,ESP,Headache,-0.25163435809548235
Spain,ES,ESP,Urethritis,-0.25568062550230214
Spain,ES,ESP,Fever,-0.28546332066269026
Spain,ES,ESP,Back_pain,-0.2864796002159925
Spain,ES,ESP,Myocarditis,-0.3138978155359418
Spain,ES,ESP,Chills,-0.3190777493250291
Spain,ES,ESP,Sore_throat,-0.3475813687780018
Spain,ES,ESP,Cough,-0.3820376638018173
Spain,ES,ESP,Herpes_simplex_virus,-0.38288529987580416
Sweden,SE,SWE,Herpangina,0.7221550236942372
Sweden,SE,SWE,Antivirals,0.603208351712545
Sweden,SE,SWE,Proctitis,0.5904825692290228
Sweden,SE,SWE,ACAM2000,0.5289683356487684
Sweden,SE,SWE,Rash,0.4598372933988574
Sweden,SE,SWE,Herpes,0.37362929824721186
Sweden,SE,SWE,Wart,0.3492833609960661
Sweden,SE,SWE,Balanitis,0.3278081365793071
Sweden,SE,SWE,Orthopoxvirus,0.28947372840126306
Sweden,SE,SWE,Mpox,0.2603804102582768
Sweden,SE,SWE,Conjunctivitis,0.2219433656159668
Sweden,SE,SWE,Fomite,0.20647306737943685
Sweden,SE,SWE,Tecovirimat,0.1857850042694654
Sweden,SE,SWE,Genital_wart,0.17004126351066287
Sweden,SE,SWE,Encephalitis,0.1524501450312559
Sweden,SE,SWE,Sore_throat,0.1447653689015141
Sweden,SE,SWE,Cold_sore,0.0840967028509857
Sweden,SE,SWE,Urethritis,0.04321160981445372
Sweden,SE,SWE,Diarrhea,0.034539379700313115
Sweden,SE,SWE,Antipyretic,0.02641526123968853
Sweden,SE,SWE,Fatigue,0.017277114979668235
Sweden,SE,SWE,Shingles,0.006361657367948471
Sweden,SE,SWE,Variola,0.005263383682825637
Sweden,SE,SWE,Back_pain,-0.024354850449913062
Sweden,SE,SWE,Monkeypox_virus,-0.032411928376008925
Sweden,SE,SWE,Modified_vaccinia_Ankara,-0.03344137043299116
Sweden,SE,SWE,Cough,-0.04189550462365712
Sweden,SE,SWE,Smallpox_vaccine,-0.04789210482646527
Sweden,SE,SWE,Lesion,-0.08542633990098061
Sweden,SE,SWE,Smallpox,-0.08988756953567109
Sweden,SE,SWE,Myocarditis,-0.0929581364579099
Sweden,SE,SWE,Parapoxvirus,-0.09803454721202935
Sweden,SE,SWE,Herpes_simplex_virus,-0.11015642467616604
Sweden,SE,SWE,Poxviridae,-0.18442358050273797
Sweden,SE,SWE,Vomiting,-0.1882105616632701
Sweden,SE,SWE,Lymphadenopathy,-0.19639799241668263
Sweden,SE,SWE,Edema,-0.1977100021388856
Sweden,SE,SWE,Fever,-0.2513141458263166
Sweden,SE,SWE,Headache,-0.28995246858041995
Sweden,SE,SWE,DNA_virus,-0.30983836580619895
Sweden,SE,SWE,Myalgia,-0.33746870509968263
Sweden,SE,SWE,Chills,-0.38585695848277674
Switzerland,CH,CHE,Wart,0.70776467120624
Switzerland,CH,CHE,Herpangina,0.6887316155929926
Switzerland,CH,CHE,Proctitis,0.6038900065255962
Switzerland,CH,CHE,ACAM2000,0.5366313953153293
Switzerland,CH,CHE,Antivirals,0.4902777324996117
Switzerland,CH,CHE,Encephalitis,0.39675694353215596
Switzerland,CH,CHE,Diarrhea,0.38016887780654735
Switzerland,CH,CHE,Cold_sore,0.36424036562391016
Switzerland,CH,CHE,Balanitis,0.3203324897150967
Switzerland,CH,CHE,Mpox,0.2883669406555049
Switzerland,CH,CHE,Shingles,0.1659643916819493
Switzerland,CH,CHE,Orthopoxvirus,0.15068890068596616
Switzerland,CH,CHE,Lesion,0.14205420232759478
Switzerland,CH,CHE,Modified_vaccinia_Ankara,0.12421897972574358
Switzerland,CH,CHE,Parapoxvirus,0.09710320996703835
Switzerland,CH,CHE,Edema,0.08957721952628804
Switzerland,CH,CHE,Fatigue,0.06649573196754416
Switzerland,CH,CHE,Genital_wart,0.018358816246211124
Switzerland,CH,CHE,Fomite,0.010093210535151971
Switzerland,CH,CHE,Poxviridae,0.0037074933436807666
Switzerland,CH,CHE,Tecovirimat,0.0014214097124846674
Switzerland,CH,CHE,Herpes_simplex_virus,-0.01106014932719147
Switzerland,CH,CHE,Rash,-0.026790869024617567
Switzerland,CH,CHE,Conjunctivitis,-0.04315973180327842
Switzerland,CH,CHE,Smallpox_vaccine,-0.053456196776577335
Switzerland,CH,CHE,Fever,-0.060890267214150716
Switzerland,CH,CHE,Monkeypox_virus,-0.07342389586883992
Switzerland,CH,CHE,Smallpox,-0.07742080212606198
Switzerland,CH,CHE,Variola,-0.09206448025452617
Switzerland,CH,CHE,Myalgia,-0.09742047567581744
Switzerland,CH,CHE,Herpes,-0.10775783846901495
Switzerland,CH,CHE,Lymphadenopathy,-0.10902378438487878
Switzerland,CH,CHE,Back_pain,-0.1665051660622721
Switzerland,CH,CHE,Antipyretic,-0.19016195408294911
Switzerland,CH,CHE,Skin_condition,-0.2150099699441666
Switzerland,CH,CHE,DNA_virus,-0.30064149990514283
Switzerland,CH,CHE,Headache,-0.32111233085088675
Switzerland,CH,CHE,Chills,-0.3281891615940333
Switzerland,CH,CHE,Vomiting,-0.3402702934489946
Switzerland,CH,CHE,Urethritis,-0.36442848411944573
Switzerland,CH,CHE,Myocarditis,-0.37053949216046217
Switzerland,CH,CHE,Cough,-0.3874816627151434
Switzerland,CH,CHE,Sore_throat,-0.5057951641506304
United Kingdom,GB,GBR,Antivirals,0.8687682237241718
United Kingdom,GB,GBR,Herpangina,0.7339804831716039
United Kingdom,GB,GBR,ACAM2000,0.6779942543571673
United Kingdom,GB,GBR,Wart,0.6308671593828707
United Kingdom,GB,GBR,Proctitis,0.6113224640119334
United Kingdom,GB,GBR,Lymphadenopathy,0.5693198436139091
United Kingdom,GB,GBR,Lesion,0.5387973493576284
United Kingdom,GB,GBR,Rash,0.5277747219030883
United Kingdom,GB,GBR,Orthopoxvirus,0.45700076384254806
United Kingdom,GB,GBR,Parapoxvirus,0.44418963219604723
United Kingdom,GB,GBR,Mpox,0.392797472570864
United Kingdom,GB,GBR,Monkeypox_virus,0.36670571342347585
United Kingdom,GB,GBR,Herpes,0.32932693301924487
United Kingdom,GB,GBR,Tecovirimat,0.32097331876667423
United Kingdom,GB,GBR,Shingles,0.2877972034787709
United Kingdom,GB,GBR,Poxviridae,0.2857857318883669
United Kingdom,GB,GBR,Smallpox_vaccine,0.2656591490804028
United Kingdom,GB,GBR,Genital_herpes,0.2568639892055492
United Kingdom,GB,GBR,Fomite,0.24985855484233738
United Kingdom,GB,GBR,Diarrhea,0.17433545107894285
United Kingdom,GB,GBR,Smallpox,0.1542028947315748
United Kingdom,GB,GBR,Skin_condition,0.13559291729279116
United Kingdom,GB,GBR,Urethritis,0.130983260823026
United Kingdom,GB,GBR,Variola,0.12893565716176555
United Kingdom,GB,GBR,Fatigue,0.12347503583206323
United Kingdom,GB,GBR,Encephalitis,0.1119222843302803
United Kingdom,GB,GBR,Sore_throat,0.10020338988453414
United Kingdom,GB,GBR,Modified_vaccinia_Ankara,0.09917664866575365
United Kingdom,GB,GBR,Balanitis,0.08795846224505635
United Kingdom,GB,GBR,Cold_sore,0.0473702360194177
United Kingdom,GB,GBR,Myalgia,0.03459601741912001
United Kingdom,GB,GBR,Genital_wart,0.015565332270857993
United Kingdom,GB,GBR,Antipyretic,0.012867360009248487
United Kingdom,GB,GBR,DNA_virus,-0.028734542561955952
United Kingdom,GB,GBR,Edema,-0.034567685800993925
United Kingdom,GB,GBR,Conjunctivitis,-0.042025658183333744
United Kingdom,GB,GBR,List_of_skin_conditions,-0.09347187105797822
United Kingdom,GB,GBR,042079,-0.14006540244837518
United Kingdom,GB,GBR,Fever,-0.15087592840143815
United Kingdom,GB,GBR,Headache,-0.22142249017154736
United Kingdom,GB,GBR,Back_pain,-0.2492621165763611
United Kingdom,GB,GBR,Vomiting,-0.2517446218651308
United Kingdom,GB,GBR,Myocarditis,-0.31070951968614063
United Kingdom,GB,GBR,Herpes_simplex_virus,-0.3524790950719645
United Kingdom,GB,GBR,Chills,-0.42077338468509756
United Kingdom,GB,GBR,Cough,-0.481912327619439
United States,US,USA,Herpes,0.6346388033374273
United States,US,USA,Herpangina,0.5555192379334941
United States,US,USA,Wart,0.5541095027590351
United States,US,USA,Proctitis,0.511900796302177
United States,US,USA,Lesion,0.5017692242324099
United States,US,USA,Antivirals,0.4757669444057169
United States,US,USA,Skin_condition,0.469111708493715
United States,US,USA,Encephalitis,0.4312243520730828
United States,US,USA,ACAM2000,0.4128206897149377
United States,US,USA,042079,0.35786428676448384
United States,US,USA,Lymphadenopathy,0.29169283954891456
United States,US,USA,Eczema_herpeticum,0.27682949992866246
United States,US,USA,Parapoxvirus,0.2558860436901142
United States,US,USA,Orthopoxvirus,0.25425752049814265
United States,US,USA,Sore_throat,0.23708312924198255
United States,US,USA,Mpox,0.2304108753242025
United States,US,USA,Tecovirimat,0.19549667579312083
United States,US,USA,Genital_herpes,0.164242256980446
United States,US,USA,Poxviridae,0.14243387787906475
United States,US,USA,Modified_vaccinia_Ankara,0.12034922827135427
United States,US,USA,Fatigue,0.12004277754471819
United States,US,USA,Rash,0.10662326086461506
United States,US,USA,Antipyretic,0.09452495360090149
United States,US,USA,Fomite,0.07986365933619745
United States,US,USA,Monkeypox_virus,0.050197412819510775
United States,US,USA,Shingles,0.02253283306083723
United States,US,USA,Variola,0.014936208438078618
United States,US,USA,Smallpox,0.0016960773684751758
United States,US,USA,Myalgia,-0.01608320212413574
United States,US,USA,Smallpox_vaccine,-0.026326365607088804
United States,US,USA,Edema,-0.04056865039524068
United States,US,USA,Conjunctivitis,-0.04991721480935136
United States,US,USA,Vomiting,-0.0697338316014013
United States,US,USA,Diarrhea,-0.07648827265871264
United States,US,USA,Genital_wart,-0.09758813823208312
United States,US,USA,Balanitis,-0.1068319979482181
United States,US,USA,Urethritis,-0.11220969782967465
United States,US,USA,Back_pain,-0.15479021059124504
United States,US,USA,Headache,-0.1770330865520698
United States,US,USA,List_of_skin_conditions,-0.19040540755927154
United States,US,USA,Isolation_(health_care),-0.1980754888070065
United States,US,USA,Cold_sore,-0.27202543653812217
United States,US,USA,Fever,-0.2865004399428766
United States,US,USA,Myocarditis,-0.2998131517417426
United States,US,USA,DNA_virus,-0.3426930974515879
United States,US,USA,Herpes_simplex_virus,-0.34928632536761184
United States,US,USA,Chills,-0.47388106744925845
United States,US,USA,Cough,-0.497377505639074
