country_long,iso2,project,page_id,page_title,pageviews_dp,date
United States of America,US,en.wikipedia,242702,Monkeypox,1639,2022-01-03
United States of America,US,en.wikipedia,242702,Monkeypox,968,2022-01-04
United Kingdom,GB,en.wikipedia,39680623,Monkeypox virus,5214,2022-05-07
United Kingdom,GB,en.wikipedia,242702,Monkeypox,4039,2022-05-07
United States of America,US,en.wikipedia,242702,Monkeypox,858,2022-05-07
United Kingdom,GB,en.wikipedia,39680623,Monkeypox virus,2799,2022-05-08
United Kingdom,GB,en.wikipedia,242702,Monkeypox,3101,2022-05-08
Ireland,IE,en.wikipedia,242702,Monkeypox,497,2022-05-08
United States of America,US,en.wikipedia,242702,Monkeypox,725,2022-05-08
Canada,CA,en.wikipedia,242702,Monkeypox,501,2022-05-09
United Kingdom,GB,en.wikipedia,39680623,Monkeypox virus,1212,2022-05-09
United Kingdom,GB,en.wikipedia,242702,Monkeypox,2376,2022-05-09
India,IN,en.wikipedia,39680623,Monkeypox virus,519,2022-05-09
India,IN,en.wikipedia,242702,Monkeypox,787,2022-05-09
United States of America,US,en.wikipedia,242702,Monkeypox,613,2022-05-09
United Kingdom,GB,en.wikipedia,39680623,Monkeypox virus,672,2022-05-10
United Kingdom,GB,en.wikipedia,242702,Monkeypox,924,2022-05-10
India,IN,en.wikipedia,39680623,Monkeypox virus,1492,2022-05-10
India,IN,en.wikipedia,242702,Monkeypox,1689,2022-05-10
United States of America,US,en.wikipedia,242702,Monkeypox,582,2022-05-10
India,IN,en.wikipedia,242702,Monkeypox,497,2022-05-11
United Kingdom,GB,en.wikipedia,39680623,Monkeypox virus,577,2022-05-13
United Kingdom,GB,en.wikipedia,242702,Monkeypox,569,2022-05-13
United Kingdom,GB,en.wikipedia,39680623,Monkeypox virus,5572,2022-05-14
United Kingdom,GB,en.wikipedia,242702,Monkeypox,3940,2022-05-14
Ireland,IE,en.wikipedia,242702,Monkeypox,476,2022-05-14
United States of America,US,en.wikipedia,242702,Monkeypox,1274,2022-05-14
United Kingdom,GB,en.wikipedia,39680623,Monkeypox virus,1880,2022-05-15
United Kingdom,GB,en.wikipedia,242702,Monkeypox,3885,2022-05-15
United States of America,US,en.wikipedia,242702,Monkeypox,1083,2022-05-15
Canada,CA,en.wikipedia,242702,Monkeypox,800,2022-05-16
United Kingdom,GB,en.wikipedia,39680623,Monkeypox virus,5694,2022-05-16
United Kingdom,GB,en.wikipedia,242702,Monkeypox,9291,2022-05-16
United States of America,US,en.wikipedia,242702,Monkeypox,1301,2022-05-16
Canada,CA,en.wikipedia,242702,Monkeypox,621,2022-05-17
Canada,CA,en.wikipedia,39680623,Monkeypox virus,495,2022-05-17
Germany,DE,en.wikipedia,242702,Monkeypox,871,2022-05-17
United Kingdom,GB,en.wikipedia,39680623,Monkeypox virus,7020,2022-05-17
United Kingdom,GB,en.wikipedia,242702,Monkeypox,13542,2022-05-17
United States of America,US,en.wikipedia,39680623,Monkeypox virus,515,2022-05-17
United States of America,US,en.wikipedia,242702,Monkeypox,2478,2022-05-17
Canada,CA,en.wikipedia,39680623,Monkeypox virus,3550,2022-05-18
Spain,ES,en.wikipedia,39680623,Monkeypox virus,546,2022-05-18
United Kingdom,GB,en.wikipedia,39680623,Monkeypox virus,9292,2022-05-18
Portugal,PT,en.wikipedia,39680623,Monkeypox virus,599,2022-05-18
United States of America,US,en.wikipedia,39680623,Monkeypox virus,9201,2022-05-18
Australia,AU,en.wikipedia,39680623,Monkeypox virus,1916,2022-05-19
Canada,CA,en.wikipedia,39680623,Monkeypox virus,23375,2022-05-19
Germany,DE,en.wikipedia,39680623,Monkeypox virus,695,2022-05-19
Spain,ES,en.wikipedia,39680623,Monkeypox virus,653,2022-05-19
Finland,FI,en.wikipedia,39680623,Monkeypox virus,734,2022-05-19
France,FR,en.wikipedia,39680623,Monkeypox virus,884,2022-05-19
United Kingdom,GB,en.wikipedia,39680623,Monkeypox virus,13578,2022-05-19
India,IN,en.wikipedia,39680623,Monkeypox virus,3853,2022-05-19
Italy,IT,en.wikipedia,39680623,Monkeypox virus,949,2022-05-19
Kenya,KE,en.wikipedia,39680623,Monkeypox virus,476,2022-05-19
Netherlands,NL,en.wikipedia,39680623,Monkeypox virus,1700,2022-05-19
Philippines,PH,en.wikipedia,39680623,Monkeypox virus,554,2022-05-19
Portugal,PT,en.wikipedia,39680623,Monkeypox virus,525,2022-05-19
Sweden,SE,en.wikipedia,39680623,Monkeypox virus,1008,2022-05-19
United States of America,US,en.wikipedia,39680623,Monkeypox virus,41483,2022-05-19
South Africa,ZA,en.wikipedia,39680623,Monkeypox virus,610,2022-05-19
Ireland,IE,en.wikipedia,39680623,Monkeypox virus,811,2022-05-19
Denmark,DK,en.wikipedia,39680623,Monkeypox virus,1619,2022-05-19
Singapore,SG,en.wikipedia,39680623,Monkeypox virus,496,2022-05-19
Australia,AU,en.wikipedia,39680623,Monkeypox virus,8516,2022-05-20
Canada,CA,en.wikipedia,39680623,Monkeypox virus,16487,2022-05-20
Germany,DE,en.wikipedia,39680623,Monkeypox virus,1000,2022-05-20
Spain,ES,en.wikipedia,39680623,Monkeypox virus,551,2022-05-20
Finland,FI,en.wikipedia,39680623,Monkeypox virus,720,2022-05-20
France,FR,en.wikipedia,39680623,Monkeypox virus,881,2022-05-20
United Kingdom,GB,en.wikipedia,39680623,Monkeypox virus,20211,2022-05-20
India,IN,en.wikipedia,39680623,Monkeypox virus,4261,2022-05-20
Italy,IT,en.wikipedia,39680623,Monkeypox virus,917,2022-05-20
Malaysia,MY,en.wikipedia,39680623,Monkeypox virus,585,2022-05-20
Netherlands,NL,en.wikipedia,39680623,Monkeypox virus,1645,2022-05-20
Philippines,PH,en.wikipedia,39680623,Monkeypox virus,3974,2022-05-20
Portugal,PT,en.wikipedia,39680623,Monkeypox virus,573,2022-05-20
Sweden,SE,en.wikipedia,39680623,Monkeypox virus,1089,2022-05-20
Singapore,SG,en.wikipedia,39680623,Monkeypox virus,874,2022-05-20
United States of America,US,en.wikipedia,39680623,Monkeypox virus,39651,2022-05-20
South Africa,ZA,en.wikipedia,39680623,Monkeypox virus,765,2022-05-20
Ireland,IE,en.wikipedia,39680623,Monkeypox virus,1603,2022-05-20
Denmark,DK,en.wikipedia,39680623,Monkeypox virus,600,2022-05-20
Belgium,BE,en.wikipedia,39680623,Monkeypox virus,529,2022-05-20
New Zealand,NZ,en.wikipedia,39680623,Monkeypox virus,1192,2022-05-20
Australia,AU,en.wikipedia,39680623,Monkeypox virus,3313,2022-05-21
Canada,CA,en.wikipedia,39680623,Monkeypox virus,6910,2022-05-21
Germany,DE,en.wikipedia,39680623,Monkeypox virus,789,2022-05-21
United Kingdom,GB,en.wikipedia,39680623,Monkeypox virus,15956,2022-05-21
India,IN,en.wikipedia,39680623,Monkeypox virus,6888,2022-05-21
Italy,IT,en.wikipedia,39680623,Monkeypox virus,581,2022-05-21
Malaysia,MY,en.wikipedia,39680623,Monkeypox virus,1107,2022-05-21
Netherlands,NL,en.wikipedia,39680623,Monkeypox virus,917,2022-05-21
Philippines,PH,en.wikipedia,39680623,Monkeypox virus,2032,2022-05-21
Singapore,SG,en.wikipedia,39680623,Monkeypox virus,751,2022-05-21
United States of America,US,en.wikipedia,39680623,Monkeypox virus,30083,2022-05-21
South Africa,ZA,en.wikipedia,39680623,Monkeypox virus,835,2022-05-21
Finland,FI,en.wikipedia,39680623,Monkeypox virus,575,2022-05-21
Ireland,IE,en.wikipedia,39680623,Monkeypox virus,1009,2022-05-21
New Zealand,NZ,en.wikipedia,39680623,Monkeypox virus,665,2022-05-21
Israel,IL,en.wikipedia,39680623,Monkeypox virus,585,2022-05-21
Australia,AU,en.wikipedia,39680623,Monkeypox virus,2381,2022-05-22
Canada,CA,en.wikipedia,39680623,Monkeypox virus,6258,2022-05-22
Germany,DE,en.wikipedia,39680623,Monkeypox virus,1864,2022-05-22
Finland,FI,en.wikipedia,39680623,Monkeypox virus,831,2022-05-22
France,FR,en.wikipedia,39680623,Monkeypox virus,546,2022-05-22
United Kingdom,GB,en.wikipedia,39680623,Monkeypox virus,20400,2022-05-22
India,IN,en.wikipedia,39680623,Monkeypox virus,6686,2022-05-22
Malaysia,MY,en.wikipedia,39680623,Monkeypox virus,936,2022-05-22
Netherlands,NL,en.wikipedia,39680623,Monkeypox virus,677,2022-05-22
Philippines,PH,en.wikipedia,39680623,Monkeypox virus,1358,2022-05-22
Singapore,SG,en.wikipedia,39680623,Monkeypox virus,780,2022-05-22
United States of America,US,en.wikipedia,39680623,Monkeypox virus,35381,2022-05-22
South Africa,ZA,en.wikipedia,39680623,Monkeypox virus,959,2022-05-22
Greece,GR,en.wikipedia,39680623,Monkeypox virus,496,2022-05-22
Ireland,IE,en.wikipedia,39680623,Monkeypox virus,1358,2022-05-22
New Zealand,NZ,en.wikipedia,39680623,Monkeypox virus,533,2022-05-22
Australia,AU,en.wikipedia,39680623,Monkeypox virus,1741,2022-05-23
Canada,CA,en.wikipedia,39680623,Monkeypox virus,2373,2022-05-23
Germany,DE,en.wikipedia,39680623,Monkeypox virus,1247,2022-05-23
Finland,FI,en.wikipedia,39680623,Monkeypox virus,638,2022-05-23
France,FR,en.wikipedia,39680623,Monkeypox virus,571,2022-05-23
United Kingdom,GB,en.wikipedia,39680623,Monkeypox virus,18745,2022-05-23
Hungary,HU,en.wikipedia,39680623,Monkeypox virus,535,2022-05-23
India,IN,en.wikipedia,39680623,Monkeypox virus,4213,2022-05-23
Japan,JP,en.wikipedia,39680623,Monkeypox virus,458,2022-05-23
Kenya,KE,en.wikipedia,39680623,Monkeypox virus,491,2022-05-23
Malaysia,MY,en.wikipedia,39680623,Monkeypox virus,1041,2022-05-23
Netherlands,NL,en.wikipedia,39680623,Monkeypox virus,511,2022-05-23
Philippines,PH,en.wikipedia,39680623,Monkeypox virus,1361,2022-05-23
Portugal,PT,en.wikipedia,39680623,Monkeypox virus,636,2022-05-23
Singapore,SG,en.wikipedia,39680623,Monkeypox virus,831,2022-05-23
Taiwan,TW,en.wikipedia,39680623,Monkeypox virus,538,2022-05-23
United States of America,US,en.wikipedia,39680623,Monkeypox virus,19613,2022-05-23
South Africa,ZA,en.wikipedia,39680623,Monkeypox virus,2744,2022-05-23
Ireland,IE,en.wikipedia,39680623,Monkeypox virus,1460,2022-05-23
New Zealand,NZ,en.wikipedia,39680623,Monkeypox virus,505,2022-05-23
Denmark,DK,en.wikipedia,39680623,Monkeypox virus,1424,2022-05-23
Australia,AU,en.wikipedia,39680623,Monkeypox virus,757,2022-05-24
Canada,CA,en.wikipedia,39680623,Monkeypox virus,1684,2022-05-24
Germany,DE,en.wikipedia,39680623,Monkeypox virus,738,2022-05-24
Finland,FI,en.wikipedia,39680623,Monkeypox virus,536,2022-05-24
France,FR,en.wikipedia,39680623,Monkeypox virus,496,2022-05-24
United Kingdom,GB,en.wikipedia,39680623,Monkeypox virus,13006,2022-05-24
Ireland,IE,en.wikipedia,39680623,Monkeypox virus,715,2022-05-24
India,IN,en.wikipedia,39680623,Monkeypox virus,2941,2022-05-24
Malaysia,MY,en.wikipedia,39680623,Monkeypox virus,1107,2022-05-24
Philippines,PH,en.wikipedia,39680623,Monkeypox virus,1351,2022-05-24
Singapore,SG,en.wikipedia,39680623,Monkeypox virus,942,2022-05-24
Taiwan,TW,en.wikipedia,39680623,Monkeypox virus,560,2022-05-24
United States of America,US,en.wikipedia,39680623,Monkeypox virus,10682,2022-05-24
South Africa,ZA,en.wikipedia,39680623,Monkeypox virus,1871,2022-05-24
Denmark,DK,en.wikipedia,39680623,Monkeypox virus,786,2022-05-24
Canada,CA,en.wikipedia,39680623,Monkeypox virus,1252,2022-05-25
Germany,DE,en.wikipedia,39680623,Monkeypox virus,517,2022-05-25
Finland,FI,en.wikipedia,39680623,Monkeypox virus,638,2022-05-25
United Kingdom,GB,en.wikipedia,39680623,Monkeypox virus,7420,2022-05-25
India,IN,en.wikipedia,39680623,Monkeypox virus,4921,2022-05-25
Malaysia,MY,en.wikipedia,39680623,Monkeypox virus,856,2022-05-25
Philippines,PH,en.wikipedia,39680623,Monkeypox virus,1064,2022-05-25
Singapore,SG,en.wikipedia,39680623,Monkeypox virus,1629,2022-05-25
United States of America,US,en.wikipedia,39680623,Monkeypox virus,4997,2022-05-25
South Africa,ZA,en.wikipedia,39680623,Monkeypox virus,1039,2022-05-25
Canada,CA,en.wikipedia,39680623,Monkeypox virus,1220,2022-05-26
United Kingdom,GB,en.wikipedia,39680623,Monkeypox virus,5892,2022-05-26
India,IN,en.wikipedia,39680623,Monkeypox virus,4289,2022-05-26
Malaysia,MY,en.wikipedia,39680623,Monkeypox virus,981,2022-05-26
Philippines,PH,en.wikipedia,39680623,Monkeypox virus,862,2022-05-26
Singapore,SG,en.wikipedia,39680623,Monkeypox virus,565,2022-05-26
United States of America,US,en.wikipedia,39680623,Monkeypox virus,4152,2022-05-26
South Africa,ZA,en.wikipedia,39680623,Monkeypox virus,813,2022-05-26
Ireland,IE,en.wikipedia,39680623,Monkeypox virus,721,2022-05-26
Canada,CA,en.wikipedia,39680623,Monkeypox virus,974,2022-05-27
United Kingdom,GB,en.wikipedia,39680623,Monkeypox virus,3447,2022-05-27
India,IN,en.wikipedia,39680623,Monkeypox virus,3660,2022-05-27
Malaysia,MY,en.wikipedia,39680623,Monkeypox virus,876,2022-05-27
Philippines,PH,en.wikipedia,39680623,Monkeypox virus,722,2022-05-27
Singapore,SG,en.wikipedia,39680623,Monkeypox virus,606,2022-05-27
United States of America,US,en.wikipedia,39680623,Monkeypox virus,2943,2022-05-27
South Africa,ZA,en.wikipedia,39680623,Monkeypox virus,659,2022-05-27
Australia,AU,en.wikipedia,242702,Monkeypox,802,2022-05-28
Canada,CA,en.wikipedia,242702,Monkeypox,4422,2022-05-28
Canada,CA,en.wikipedia,39680623,Monkeypox virus,627,2022-05-28
Germany,DE,en.wikipedia,242702,Monkeypox,855,2022-05-28
United Kingdom,GB,en.wikipedia,39680623,Monkeypox virus,2947,2022-05-28
United Kingdom,GB,en.wikipedia,242702,Monkeypox,7807,2022-05-28
Ireland,IE,en.wikipedia,39680623,Monkeypox virus,651,2022-05-28
Ireland,IE,en.wikipedia,242702,Monkeypox,501,2022-05-28
India,IN,en.wikipedia,39680623,Monkeypox virus,3938,2022-05-28
India,IN,en.wikipedia,242702,Monkeypox,2471,2022-05-28
Mexico,MX,en.wikipedia,242702,Monkeypox,468,2022-05-28
Malaysia,MY,en.wikipedia,39680623,Monkeypox virus,636,2022-05-28
Malaysia,MY,en.wikipedia,242702,Monkeypox,532,2022-05-28
Philippines,PH,en.wikipedia,242702,Monkeypox,456,2022-05-28
Philippines,PH,en.wikipedia,39680623,Monkeypox virus,628,2022-05-28
Singapore,SG,en.wikipedia,39680623,Monkeypox virus,701,2022-05-28
United States of America,US,en.wikipedia,39680623,Monkeypox virus,2160,2022-05-28
United States of America,US,en.wikipedia,242702,Monkeypox,13342,2022-05-28
South Africa,ZA,en.wikipedia,242702,Monkeypox,914,2022-05-28
Australia,AU,en.wikipedia,242702,Monkeypox,650,2022-05-29
Canada,CA,en.wikipedia,242702,Monkeypox,3369,2022-05-29
Germany,DE,en.wikipedia,242702,Monkeypox,746,2022-05-29
United Kingdom,GB,en.wikipedia,39680623,Monkeypox virus,1686,2022-05-29
United Kingdom,GB,en.wikipedia,242702,Monkeypox,5779,2022-05-29
India,IN,en.wikipedia,39680623,Monkeypox virus,2467,2022-05-29
India,IN,en.wikipedia,242702,Monkeypox,2759,2022-05-29
Singapore,SG,en.wikipedia,39680623,Monkeypox virus,789,2022-05-29
United States of America,US,en.wikipedia,39680623,Monkeypox virus,1455,2022-05-29
United States of America,US,en.wikipedia,242702,Monkeypox,9663,2022-05-29
South Africa,ZA,en.wikipedia,242702,Monkeypox,604,2022-05-29
Australia,AU,en.wikipedia,242702,Monkeypox,572,2022-05-30
Canada,CA,en.wikipedia,242702,Monkeypox,3309,2022-05-30
Germany,DE,en.wikipedia,242702,Monkeypox,922,2022-05-30
United Kingdom,GB,en.wikipedia,39680623,Monkeypox virus,2325,2022-05-30
United Kingdom,GB,en.wikipedia,242702,Monkeypox,6648,2022-05-30
India,IN,en.wikipedia,39680623,Monkeypox virus,1798,2022-05-30
India,IN,en.wikipedia,242702,Monkeypox,2248,2022-05-30
Philippines,PH,en.wikipedia,39680623,Monkeypox virus,471,2022-05-30
United States of America,US,en.wikipedia,39680623,Monkeypox virus,1289,2022-05-30
United States of America,US,en.wikipedia,242702,Monkeypox,9079,2022-05-30
South Africa,ZA,en.wikipedia,242702,Monkeypox,546,2022-05-30
Australia,AU,en.wikipedia,242702,Monkeypox,570,2022-05-31
Canada,CA,en.wikipedia,242702,Monkeypox,2707,2022-05-31
Germany,DE,en.wikipedia,242702,Monkeypox,783,2022-05-31
United Kingdom,GB,en.wikipedia,39680623,Monkeypox virus,2013,2022-05-31
United Kingdom,GB,en.wikipedia,242702,Monkeypox,6158,2022-05-31
India,IN,en.wikipedia,39680623,Monkeypox virus,2538,2022-05-31
India,IN,en.wikipedia,242702,Monkeypox,2240,2022-05-31
United States of America,US,en.wikipedia,39680623,Monkeypox virus,1390,2022-05-31
United States of America,US,en.wikipedia,242702,Monkeypox,10424,2022-05-31
South Africa,ZA,en.wikipedia,242702,Monkeypox,506,2022-05-31
Australia,AU,en.wikipedia,242702,Monkeypox,571,2022-06-01
Canada,CA,en.wikipedia,242702,Monkeypox,2725,2022-06-01
Germany,DE,en.wikipedia,242702,Monkeypox,668,2022-06-01
United Kingdom,GB,en.wikipedia,39680623,Monkeypox virus,1140,2022-06-01
United Kingdom,GB,en.wikipedia,242702,Monkeypox,4383,2022-06-01
India,IN,en.wikipedia,39680623,Monkeypox virus,1933,2022-06-01
India,IN,en.wikipedia,242702,Monkeypox,1926,2022-06-01
United States of America,US,en.wikipedia,39680623,Monkeypox virus,1409,2022-06-01
United States of America,US,en.wikipedia,242702,Monkeypox,8593,2022-06-01
Australia,AU,en.wikipedia,242702,Monkeypox,677,2022-06-02
Canada,CA,en.wikipedia,242702,Monkeypox,2386,2022-06-02
Germany,DE,en.wikipedia,242702,Monkeypox,711,2022-06-02
United Kingdom,GB,en.wikipedia,39680623,Monkeypox virus,507,2022-06-02
United Kingdom,GB,en.wikipedia,242702,Monkeypox,3368,2022-06-02
India,IN,en.wikipedia,39680623,Monkeypox virus,1185,2022-06-02
India,IN,en.wikipedia,242702,Monkeypox,1340,2022-06-02
United States of America,US,en.wikipedia,39680623,Monkeypox virus,1292,2022-06-02
United States of America,US,en.wikipedia,242702,Monkeypox,7382,2022-06-02
Australia,AU,en.wikipedia,242702,Monkeypox,776,2022-06-03
Canada,CA,en.wikipedia,242702,Monkeypox,3098,2022-06-03
Germany,DE,en.wikipedia,242702,Monkeypox,506,2022-06-03
United Kingdom,GB,en.wikipedia,39680623,Monkeypox virus,479,2022-06-03
United Kingdom,GB,en.wikipedia,242702,Monkeypox,2662,2022-06-03
India,IN,en.wikipedia,39680623,Monkeypox virus,794,2022-06-03
India,IN,en.wikipedia,242702,Monkeypox,1045,2022-06-03
United States of America,US,en.wikipedia,39680623,Monkeypox virus,1266,2022-06-03
United States of America,US,en.wikipedia,242702,Monkeypox,9900,2022-06-03
Australia,AU,en.wikipedia,242702,Monkeypox,544,2022-06-04
Canada,CA,en.wikipedia,242702,Monkeypox,2964,2022-06-04
United Kingdom,GB,en.wikipedia,242702,Monkeypox,2408,2022-06-04
India,IN,en.wikipedia,39680623,Monkeypox virus,1330,2022-06-04
India,IN,en.wikipedia,242702,Monkeypox,1592,2022-06-04
United States of America,US,en.wikipedia,39680623,Monkeypox virus,1376,2022-06-04
United States of America,US,en.wikipedia,242702,Monkeypox,8712,2022-06-04
Canada,CA,en.wikipedia,242702,Monkeypox,2145,2022-06-05
United Kingdom,GB,en.wikipedia,242702,Monkeypox,2209,2022-06-05
India,IN,en.wikipedia,39680623,Monkeypox virus,852,2022-06-05
India,IN,en.wikipedia,242702,Monkeypox,1212,2022-06-05
United States of America,US,en.wikipedia,39680623,Monkeypox virus,840,2022-06-05
United States of America,US,en.wikipedia,242702,Monkeypox,6041,2022-06-05
Canada,CA,en.wikipedia,242702,Monkeypox,2287,2022-06-06
Germany,DE,en.wikipedia,242702,Monkeypox,479,2022-06-06
United Kingdom,GB,en.wikipedia,242702,Monkeypox,3122,2022-06-06
India,IN,en.wikipedia,39680623,Monkeypox virus,675,2022-06-06
India,IN,en.wikipedia,242702,Monkeypox,1206,2022-06-06
Singapore,SG,en.wikipedia,242702,Monkeypox,582,2022-06-06
United States of America,US,en.wikipedia,39680623,Monkeypox virus,1018,2022-06-06
United States of America,US,en.wikipedia,242702,Monkeypox,9147,2022-06-06
India,IN,en.wikipedia,39680623,Monkeypox virus,731,2022-06-07
United States of America,US,en.wikipedia,39680623,Monkeypox virus,1280,2022-06-07
India,IN,en.wikipedia,39680623,Monkeypox virus,464,2022-06-08
United States of America,US,en.wikipedia,39680623,Monkeypox virus,1152,2022-06-08
India,IN,en.wikipedia,39680623,Monkeypox virus,653,2022-06-09
United States of America,US,en.wikipedia,39680623,Monkeypox virus,851,2022-06-09
India,IN,en.wikipedia,39680623,Monkeypox virus,602,2022-06-10
United States of America,US,en.wikipedia,39680623,Monkeypox virus,675,2022-06-10
United States of America,US,en.wikipedia,39680623,Monkeypox virus,661,2022-06-11
United States of America,US,en.wikipedia,39680623,Monkeypox virus,688,2022-06-12
United States of America,US,en.wikipedia,39680623,Monkeypox virus,530,2022-06-13
Canada,CA,en.wikipedia,242702,Monkeypox,2241,2022-06-14
Germany,DE,en.wikipedia,242702,Monkeypox,540,2022-06-14
United Kingdom,GB,en.wikipedia,242702,Monkeypox,2040,2022-06-14
India,IN,en.wikipedia,242702,Monkeypox,458,2022-06-14
United States of America,US,en.wikipedia,39680623,Monkeypox virus,592,2022-06-14
United States of America,US,en.wikipedia,242702,Monkeypox,6845,2022-06-14
Australia,AU,en.wikipedia,242702,Monkeypox,773,2022-06-15
Canada,CA,en.wikipedia,242702,Monkeypox,2205,2022-06-15
Germany,DE,en.wikipedia,242702,Monkeypox,659,2022-06-15
United Kingdom,GB,en.wikipedia,242702,Monkeypox,2036,2022-06-15
India,IN,en.wikipedia,39680623,Monkeypox virus,605,2022-06-15
India,IN,en.wikipedia,242702,Monkeypox,716,2022-06-15
United States of America,US,en.wikipedia,39680623,Monkeypox virus,999,2022-06-15
United States of America,US,en.wikipedia,242702,Monkeypox,8750,2022-06-15
Australia,AU,en.wikipedia,242702,Monkeypox,560,2022-06-16
Canada,CA,en.wikipedia,242702,Monkeypox,1650,2022-06-16
United Kingdom,GB,en.wikipedia,242702,Monkeypox,1677,2022-06-16
India,IN,en.wikipedia,39680623,Monkeypox virus,525,2022-06-16
India,IN,en.wikipedia,242702,Monkeypox,693,2022-06-16
United States of America,US,en.wikipedia,39680623,Monkeypox virus,752,2022-06-16
United States of America,US,en.wikipedia,242702,Monkeypox,8081,2022-06-16
Canada,CA,en.wikipedia,242702,Monkeypox,1622,2022-06-17
United Kingdom,GB,en.wikipedia,39680623,Monkeypox virus,451,2022-06-17
United Kingdom,GB,en.wikipedia,242702,Monkeypox,1339,2022-06-17
India,IN,en.wikipedia,242702,Monkeypox,460,2022-06-17
United States of America,US,en.wikipedia,39680623,Monkeypox virus,558,2022-06-17
United States of America,US,en.wikipedia,242702,Monkeypox,6011,2022-06-17
Canada,CA,en.wikipedia,242702,Monkeypox,1579,2022-06-18
Germany,DE,en.wikipedia,242702,Monkeypox,550,2022-06-18
United Kingdom,GB,en.wikipedia,242702,Monkeypox,1320,2022-06-18
United States of America,US,en.wikipedia,39680623,Monkeypox virus,527,2022-06-18
United States of America,US,en.wikipedia,242702,Monkeypox,4197,2022-06-18
Canada,CA,en.wikipedia,242702,Monkeypox,1143,2022-06-19
Germany,DE,en.wikipedia,242702,Monkeypox,468,2022-06-19
United Kingdom,GB,en.wikipedia,242702,Monkeypox,1428,2022-06-19
United States of America,US,en.wikipedia,39680623,Monkeypox virus,564,2022-06-19
United States of America,US,en.wikipedia,242702,Monkeypox,5035,2022-06-19
Canada,CA,en.wikipedia,242702,Monkeypox,904,2022-06-20
Germany,DE,en.wikipedia,242702,Monkeypox,454,2022-06-20
United Kingdom,GB,en.wikipedia,242702,Monkeypox,1151,2022-06-20
United States of America,US,en.wikipedia,39680623,Monkeypox virus,492,2022-06-20
United States of America,US,en.wikipedia,242702,Monkeypox,3608,2022-06-20
Canada,CA,en.wikipedia,242702,Monkeypox,710,2022-06-21
United Kingdom,GB,en.wikipedia,242702,Monkeypox,1751,2022-06-21
United States of America,US,en.wikipedia,39680623,Monkeypox virus,523,2022-06-21
United States of America,US,en.wikipedia,242702,Monkeypox,3564,2022-06-21
Canada,CA,en.wikipedia,242702,Monkeypox,864,2022-06-22
United Kingdom,GB,en.wikipedia,242702,Monkeypox,1458,2022-06-22
Singapore,SG,en.wikipedia,242702,Monkeypox,755,2022-06-22
United States of America,US,en.wikipedia,39680623,Monkeypox virus,492,2022-06-22
United States of America,US,en.wikipedia,242702,Monkeypox,3303,2022-06-22
India,IN,en.wikipedia,39680623,Monkeypox virus,579,2022-06-23
United States of America,US,en.wikipedia,39680623,Monkeypox virus,742,2022-06-23
India,IN,en.wikipedia,39680623,Monkeypox virus,1137,2022-06-24
Taiwan,TW,en.wikipedia,39680623,Monkeypox virus,508,2022-06-24
United States of America,US,en.wikipedia,39680623,Monkeypox virus,883,2022-06-24
Canada,CA,en.wikipedia,242702,Monkeypox,952,2022-06-25
United Kingdom,GB,en.wikipedia,242702,Monkeypox,1267,2022-06-25
India,IN,en.wikipedia,39680623,Monkeypox virus,935,2022-06-25
India,IN,en.wikipedia,242702,Monkeypox,966,2022-06-25
Taiwan,TW,en.wikipedia,39680623,Monkeypox virus,611,2022-06-25
United States of America,US,en.wikipedia,39680623,Monkeypox virus,620,2022-06-25
United States of America,US,en.wikipedia,242702,Monkeypox,4586,2022-06-25
South Africa,ZA,en.wikipedia,242702,Monkeypox,1500,2022-06-25
Canada,CA,en.wikipedia,242702,Monkeypox,902,2022-06-26
United Kingdom,GB,en.wikipedia,242702,Monkeypox,1091,2022-06-26
India,IN,en.wikipedia,39680623,Monkeypox virus,610,2022-06-26
India,IN,en.wikipedia,242702,Monkeypox,512,2022-06-26
United States of America,US,en.wikipedia,39680623,Monkeypox virus,539,2022-06-26
United States of America,US,en.wikipedia,242702,Monkeypox,4333,2022-06-26
South Africa,ZA,en.wikipedia,242702,Monkeypox,970,2022-06-26
Canada,CA,en.wikipedia,242702,Monkeypox,976,2022-06-27
United Kingdom,GB,en.wikipedia,242702,Monkeypox,1138,2022-06-27
United States of America,US,en.wikipedia,39680623,Monkeypox virus,488,2022-06-27
United States of America,US,en.wikipedia,242702,Monkeypox,4478,2022-06-27
South Africa,ZA,en.wikipedia,242702,Monkeypox,775,2022-06-27
Canada,CA,en.wikipedia,242702,Monkeypox,967,2022-06-28
Germany,DE,en.wikipedia,242702,Monkeypox,471,2022-06-28
United Kingdom,GB,en.wikipedia,242702,Monkeypox,1508,2022-06-28
United States of America,US,en.wikipedia,39680623,Monkeypox virus,662,2022-06-28
United States of America,US,en.wikipedia,242702,Monkeypox,5190,2022-06-28
South Africa,ZA,en.wikipedia,242702,Monkeypox,919,2022-06-28
Canada,CA,en.wikipedia,242702,Monkeypox,1168,2022-06-29
United Kingdom,GB,en.wikipedia,242702,Monkeypox,1490,2022-06-29
United States of America,US,en.wikipedia,39680623,Monkeypox virus,1014,2022-06-29
United States of America,US,en.wikipedia,242702,Monkeypox,10083,2022-06-29
South Africa,ZA,en.wikipedia,242702,Monkeypox,895,2022-06-29
Canada,CA,en.wikipedia,242702,Monkeypox,965,2022-06-30
United Kingdom,GB,en.wikipedia,242702,Monkeypox,1829,2022-06-30
United States of America,US,en.wikipedia,39680623,Monkeypox virus,640,2022-06-30
United States of America,US,en.wikipedia,242702,Monkeypox,7498,2022-06-30
South Africa,ZA,en.wikipedia,242702,Monkeypox,589,2022-06-30
Canada,CA,en.wikipedia,242702,Monkeypox,953,2022-07-01
United Kingdom,GB,en.wikipedia,242702,Monkeypox,1832,2022-07-01
United States of America,US,en.wikipedia,39680623,Monkeypox virus,540,2022-07-01
United States of America,US,en.wikipedia,242702,Monkeypox,7018,2022-07-01
Canada,CA,en.wikipedia,242702,Monkeypox,821,2022-07-02
United Kingdom,GB,en.wikipedia,242702,Monkeypox,1519,2022-07-02
United States of America,US,en.wikipedia,39680623,Monkeypox virus,784,2022-07-02
United States of America,US,en.wikipedia,242702,Monkeypox,8445,2022-07-02
Canada,CA,en.wikipedia,242702,Monkeypox,771,2022-07-03
United Kingdom,GB,en.wikipedia,242702,Monkeypox,1324,2022-07-03
United States of America,US,en.wikipedia,39680623,Monkeypox virus,492,2022-07-03
United States of America,US,en.wikipedia,242702,Monkeypox,5834,2022-07-03
Canada,CA,en.wikipedia,242702,Monkeypox,802,2022-07-04
United Kingdom,GB,en.wikipedia,242702,Monkeypox,1295,2022-07-04
United States of America,US,en.wikipedia,242702,Monkeypox,5542,2022-07-04
Canada,CA,en.wikipedia,242702,Monkeypox,860,2022-07-05
United Kingdom,GB,en.wikipedia,242702,Monkeypox,1065,2022-07-05
United States of America,US,en.wikipedia,242702,Monkeypox,5390,2022-07-05
Canada,CA,en.wikipedia,242702,Monkeypox,836,2022-07-06
United Kingdom,GB,en.wikipedia,242702,Monkeypox,983,2022-07-06
United States of America,US,en.wikipedia,242702,Monkeypox,6682,2022-07-06
Canada,CA,en.wikipedia,242702,Monkeypox,871,2022-07-07
United Kingdom,GB,en.wikipedia,242702,Monkeypox,848,2022-07-07
United States of America,US,en.wikipedia,39680623,Monkeypox virus,609,2022-07-07
United States of America,US,en.wikipedia,242702,Monkeypox,8510,2022-07-07
Canada,CA,en.wikipedia,242702,Monkeypox,723,2022-07-08
United Kingdom,GB,en.wikipedia,242702,Monkeypox,770,2022-07-08
United States of America,US,en.wikipedia,39680623,Monkeypox virus,602,2022-07-08
United States of America,US,en.wikipedia,242702,Monkeypox,9277,2022-07-08
Canada,CA,en.wikipedia,242702,Monkeypox,761,2022-07-09
United Kingdom,GB,en.wikipedia,242702,Monkeypox,689,2022-07-09
United States of America,US,en.wikipedia,39680623,Monkeypox virus,619,2022-07-09
United States of America,US,en.wikipedia,242702,Monkeypox,8032,2022-07-09
New Zealand,NZ,en.wikipedia,242702,Monkeypox,484,2022-07-09
Canada,CA,en.wikipedia,242702,Monkeypox,709,2022-07-10
United Kingdom,GB,en.wikipedia,242702,Monkeypox,658,2022-07-10
United States of America,US,en.wikipedia,39680623,Monkeypox virus,584,2022-07-10
United States of America,US,en.wikipedia,242702,Monkeypox,8123,2022-07-10
New Zealand,NZ,en.wikipedia,242702,Monkeypox,589,2022-07-10
Australia,AU,en.wikipedia,242702,Monkeypox,534,2022-07-11
Canada,CA,en.wikipedia,242702,Monkeypox,755,2022-07-11
United Kingdom,GB,en.wikipedia,242702,Monkeypox,676,2022-07-11
United States of America,US,en.wikipedia,39680623,Monkeypox virus,451,2022-07-11
United States of America,US,en.wikipedia,242702,Monkeypox,7281,2022-07-11
United States of America,US,en.wikipedia,39680623,Monkeypox virus,661,2022-07-12
United States of America,US,en.wikipedia,39680623,Monkeypox virus,519,2022-07-13
Canada,CA,en.wikipedia,242702,Monkeypox,1090,2022-07-14
United Kingdom,GB,en.wikipedia,242702,Monkeypox,907,2022-07-14
India,IN,en.wikipedia,242702,Monkeypox,2590,2022-07-14
United States of America,US,en.wikipedia,39680623,Monkeypox virus,658,2022-07-14
United States of America,US,en.wikipedia,242702,Monkeypox,10292,2022-07-14
Canada,CA,en.wikipedia,242702,Monkeypox,1083,2022-07-15
United Kingdom,GB,en.wikipedia,242702,Monkeypox,923,2022-07-15
India,IN,en.wikipedia,242702,Monkeypox,3595,2022-07-15
United States of America,US,en.wikipedia,39680623,Monkeypox virus,772,2022-07-15
United States of America,US,en.wikipedia,242702,Monkeypox,11117,2022-07-15
Canada,CA,en.wikipedia,242702,Monkeypox,847,2022-07-16
United Kingdom,GB,en.wikipedia,242702,Monkeypox,958,2022-07-16
India,IN,en.wikipedia,242702,Monkeypox,1657,2022-07-16
United States of America,US,en.wikipedia,39680623,Monkeypox virus,896,2022-07-16
United States of America,US,en.wikipedia,242702,Monkeypox,11036,2022-07-16
Canada,CA,en.wikipedia,242702,Monkeypox,667,2022-07-17
United Kingdom,GB,en.wikipedia,242702,Monkeypox,746,2022-07-17
India,IN,en.wikipedia,242702,Monkeypox,1122,2022-07-17
United States of America,US,en.wikipedia,39680623,Monkeypox virus,662,2022-07-17
United States of America,US,en.wikipedia,242702,Monkeypox,10593,2022-07-17
Canada,CA,en.wikipedia,242702,Monkeypox,1105,2022-07-18
United Kingdom,GB,en.wikipedia,242702,Monkeypox,886,2022-07-18
India,IN,en.wikipedia,242702,Monkeypox,2108,2022-07-18
United States of America,US,en.wikipedia,39680623,Monkeypox virus,961,2022-07-18
United States of America,US,en.wikipedia,242702,Monkeypox,13710,2022-07-18
Canada,CA,en.wikipedia,242702,Monkeypox,999,2022-07-19
Germany,DE,en.wikipedia,242702,Monkeypox,503,2022-07-19
United Kingdom,GB,en.wikipedia,242702,Monkeypox,827,2022-07-19
India,IN,en.wikipedia,242702,Monkeypox,1665,2022-07-19
United States of America,US,en.wikipedia,39680623,Monkeypox virus,1654,2022-07-19
United States of America,US,en.wikipedia,242702,Monkeypox,12957,2022-07-19
United States of America,US,en.wikipedia,39680623,Monkeypox virus,783,2022-07-20
Australia,AU,en.wikipedia,242702,Monkeypox,497,2022-07-21
Canada,CA,en.wikipedia,242702,Monkeypox,978,2022-07-21
United Kingdom,GB,en.wikipedia,242702,Monkeypox,912,2022-07-21
India,IN,en.wikipedia,242702,Monkeypox,868,2022-07-21
United States of America,US,en.wikipedia,39680623,Monkeypox virus,862,2022-07-21
United States of America,US,en.wikipedia,242702,Monkeypox,11607,2022-07-21
Canada,CA,en.wikipedia,242702,Monkeypox,1052,2022-07-22
United Kingdom,GB,en.wikipedia,242702,Monkeypox,1139,2022-07-22
India,IN,en.wikipedia,242702,Monkeypox,1220,2022-07-22
United States of America,US,en.wikipedia,39680623,Monkeypox virus,660,2022-07-22
United States of America,US,en.wikipedia,242702,Monkeypox,10393,2022-07-22
Canada,CA,en.wikipedia,39680623,Monkeypox virus,658,2022-07-23
United Kingdom,GB,en.wikipedia,39680623,Monkeypox virus,910,2022-07-23
India,IN,en.wikipedia,39680623,Monkeypox virus,587,2022-07-23
Sweden,SE,en.wikipedia,39680623,Monkeypox virus,726,2022-07-23
United States of America,US,en.wikipedia,39680623,Monkeypox virus,3019,2022-07-23
Canada,CA,en.wikipedia,39680623,Monkeypox virus,567,2022-07-24
India,IN,en.wikipedia,39680623,Monkeypox virus,1355,2022-07-24
United States of America,US,en.wikipedia,39680623,Monkeypox virus,2945,2022-07-24
Canada,CA,en.wikipedia,39680623,Monkeypox virus,456,2022-07-25
India,IN,en.wikipedia,39680623,Monkeypox virus,865,2022-07-25
Japan,JP,en.wikipedia,39680623,Monkeypox virus,1087,2022-07-25
United States of America,US,en.wikipedia,39680623,Monkeypox virus,2450,2022-07-25
India,IN,en.wikipedia,39680623,Monkeypox virus,612,2022-07-26
Japan,JP,en.wikipedia,39680623,Monkeypox virus,461,2022-07-26
United States of America,US,en.wikipedia,39680623,Monkeypox virus,2311,2022-07-26
Australia,AU,en.wikipedia,242702,Monkeypox,1554,2022-07-27
Canada,CA,en.wikipedia,242702,Monkeypox,2971,2022-07-27
Germany,DE,en.wikipedia,242702,Monkeypox,613,2022-07-27
United Kingdom,GB,en.wikipedia,242702,Monkeypox,1638,2022-07-27
India,IN,en.wikipedia,39680623,Monkeypox virus,575,2022-07-27
India,IN,en.wikipedia,242702,Monkeypox,4001,2022-07-27
United States of America,US,en.wikipedia,39680623,Monkeypox virus,2108,2022-07-27
United States of America,US,en.wikipedia,242702,Monkeypox,28595,2022-07-27
Singapore,SG,en.wikipedia,242702,Monkeypox,566,2022-07-27
Australia,AU,en.wikipedia,242702,Monkeypox,2158,2022-07-28
Canada,CA,en.wikipedia,242702,Monkeypox,3649,2022-07-28
Germany,DE,en.wikipedia,242702,Monkeypox,524,2022-07-28
United Kingdom,GB,en.wikipedia,242702,Monkeypox,1084,2022-07-28
India,IN,en.wikipedia,39680623,Monkeypox virus,485,2022-07-28
India,IN,en.wikipedia,242702,Monkeypox,3072,2022-07-28
United States of America,US,en.wikipedia,39680623,Monkeypox virus,1975,2022-07-28
United States of America,US,en.wikipedia,242702,Monkeypox,29005,2022-07-28
Australia,AU,en.wikipedia,242702,Monkeypox,1403,2022-07-29
Canada,CA,en.wikipedia,242702,Monkeypox,2470,2022-07-29
Germany,DE,en.wikipedia,242702,Monkeypox,558,2022-07-29
United Kingdom,GB,en.wikipedia,242702,Monkeypox,1433,2022-07-29
India,IN,en.wikipedia,242702,Monkeypox,2254,2022-07-29
Philippines,PH,en.wikipedia,242702,Monkeypox,3993,2022-07-29
Philippines,PH,en.wikipedia,39680623,Monkeypox virus,586,2022-07-29
United States of America,US,en.wikipedia,39680623,Monkeypox virus,2263,2022-07-29
United States of America,US,en.wikipedia,242702,Monkeypox,37445,2022-07-29
Australia,AU,en.wikipedia,242702,Monkeypox,1298,2022-07-30
Canada,CA,en.wikipedia,242702,Monkeypox,2536,2022-07-30
Germany,DE,en.wikipedia,242702,Monkeypox,559,2022-07-30
United Kingdom,GB,en.wikipedia,242702,Monkeypox,1732,2022-07-30
India,IN,en.wikipedia,242702,Monkeypox,1929,2022-07-30
Philippines,PH,en.wikipedia,242702,Monkeypox,2090,2022-07-30
United States of America,US,en.wikipedia,39680623,Monkeypox virus,2228,2022-07-30
United States of America,US,en.wikipedia,242702,Monkeypox,41281,2022-07-30
Australia,AU,en.wikipedia,242702,Monkeypox,1292,2022-07-31
Canada,CA,en.wikipedia,242702,Monkeypox,2644,2022-07-31
Germany,DE,en.wikipedia,242702,Monkeypox,559,2022-07-31
United Kingdom,GB,en.wikipedia,242702,Monkeypox,2294,2022-07-31
India,IN,en.wikipedia,39680623,Monkeypox virus,463,2022-07-31
India,IN,en.wikipedia,242702,Monkeypox,2069,2022-07-31
Philippines,PH,en.wikipedia,242702,Monkeypox,1156,2022-07-31
United States of America,US,en.wikipedia,39680623,Monkeypox virus,2267,2022-07-31
United States of America,US,en.wikipedia,242702,Monkeypox,43241,2022-07-31
Australia,AU,en.wikipedia,242702,Monkeypox,1177,2022-08-01
Canada,CA,en.wikipedia,242702,Monkeypox,2769,2022-08-01
Germany,DE,en.wikipedia,242702,Monkeypox,608,2022-08-01
United Kingdom,GB,en.wikipedia,242702,Monkeypox,2020,2022-08-01
India,IN,en.wikipedia,39680623,Monkeypox virus,577,2022-08-01
India,IN,en.wikipedia,242702,Monkeypox,3246,2022-08-01
Philippines,PH,en.wikipedia,242702,Monkeypox,916,2022-08-01
United States of America,US,en.wikipedia,39680623,Monkeypox virus,2252,2022-08-01
United States of America,US,en.wikipedia,242702,Monkeypox,45191,2022-08-01
India,IN,en.wikipedia,39680623,Monkeypox virus,574,2022-08-02
United States of America,US,en.wikipedia,39680623,Monkeypox virus,3322,2022-08-02
United States of America,US,en.wikipedia,39680623,Monkeypox virus,2088,2022-08-03
United States of America,US,en.wikipedia,39680623,Monkeypox virus,2806,2022-08-04
United States of America,US,en.wikipedia,39680623,Monkeypox virus,2831,2022-08-05
Australia,AU,en.wikipedia,242702,Monkeypox,1443,2022-08-06
Canada,CA,en.wikipedia,242702,Monkeypox,2144,2022-08-06
United Kingdom,GB,en.wikipedia,242702,Monkeypox,1946,2022-08-06
India,IN,en.wikipedia,242702,Monkeypox,1522,2022-08-06
United States of America,US,en.wikipedia,39680623,Monkeypox virus,1465,2022-08-06
United States of America,US,en.wikipedia,242702,Monkeypox,36315,2022-08-06
Australia,AU,en.wikipedia,242702,Monkeypox,1201,2022-08-07
Canada,CA,en.wikipedia,242702,Monkeypox,1610,2022-08-07
United Kingdom,GB,en.wikipedia,242702,Monkeypox,1584,2022-08-07
India,IN,en.wikipedia,242702,Monkeypox,1415,2022-08-07
United States of America,US,en.wikipedia,39680623,Monkeypox virus,1190,2022-08-07
United States of America,US,en.wikipedia,242702,Monkeypox,26014,2022-08-07
Australia,AU,en.wikipedia,242702,Monkeypox,1340,2022-08-08
Canada,CA,en.wikipedia,242702,Monkeypox,1668,2022-08-08
United Kingdom,GB,en.wikipedia,242702,Monkeypox,1463,2022-08-08
India,IN,en.wikipedia,242702,Monkeypox,1379,2022-08-08
United States of America,US,en.wikipedia,39680623,Monkeypox virus,1306,2022-08-08
United States of America,US,en.wikipedia,242702,Monkeypox,24638,2022-08-08
Australia,AU,en.wikipedia,242702,Monkeypox,1008,2022-08-09
Canada,CA,en.wikipedia,242702,Monkeypox,1432,2022-08-09
United Kingdom,GB,en.wikipedia,242702,Monkeypox,1374,2022-08-09
India,IN,en.wikipedia,242702,Monkeypox,1201,2022-08-09
United States of America,US,en.wikipedia,39680623,Monkeypox virus,1036,2022-08-09
United States of America,US,en.wikipedia,242702,Monkeypox,21339,2022-08-09
Australia,AU,en.wikipedia,242702,Monkeypox,802,2022-08-10
Canada,CA,en.wikipedia,242702,Monkeypox,1345,2022-08-10
United Kingdom,GB,en.wikipedia,242702,Monkeypox,1546,2022-08-10
India,IN,en.wikipedia,242702,Monkeypox,868,2022-08-10
United States of America,US,en.wikipedia,39680623,Monkeypox virus,869,2022-08-10
United States of America,US,en.wikipedia,242702,Monkeypox,19580,2022-08-10
Australia,AU,en.wikipedia,242702,Monkeypox,779,2022-08-11
Canada,CA,en.wikipedia,242702,Monkeypox,1452,2022-08-11
United Kingdom,GB,en.wikipedia,242702,Monkeypox,1270,2022-08-11
India,IN,en.wikipedia,242702,Monkeypox,759,2022-08-11
United States of America,US,en.wikipedia,39680623,Monkeypox virus,983,2022-08-11
United States of America,US,en.wikipedia,242702,Monkeypox,18356,2022-08-11
Australia,AU,en.wikipedia,242702,Monkeypox,651,2022-08-12
Canada,CA,en.wikipedia,242702,Monkeypox,1450,2022-08-12
United Kingdom,GB,en.wikipedia,242702,Monkeypox,1322,2022-08-12
India,IN,en.wikipedia,242702,Monkeypox,658,2022-08-12
United States of America,US,en.wikipedia,39680623,Monkeypox virus,785,2022-08-12
United States of America,US,en.wikipedia,242702,Monkeypox,15575,2022-08-12
Australia,AU,en.wikipedia,242702,Monkeypox,669,2022-08-13
Canada,CA,en.wikipedia,242702,Monkeypox,1391,2022-08-13
United Kingdom,GB,en.wikipedia,242702,Monkeypox,1035,2022-08-13
India,IN,en.wikipedia,242702,Monkeypox,730,2022-08-13
United States of America,US,en.wikipedia,39680623,Monkeypox virus,653,2022-08-13
United States of America,US,en.wikipedia,242702,Monkeypox,13650,2022-08-13
Australia,AU,en.wikipedia,242702,Monkeypox,652,2022-08-14
Canada,CA,en.wikipedia,242702,Monkeypox,1121,2022-08-14
United Kingdom,GB,en.wikipedia,242702,Monkeypox,1084,2022-08-14
India,IN,en.wikipedia,242702,Monkeypox,622,2022-08-14
United States of America,US,en.wikipedia,39680623,Monkeypox virus,711,2022-08-14
United States of America,US,en.wikipedia,242702,Monkeypox,13125,2022-08-14
Australia,AU,en.wikipedia,242702,Monkeypox,667,2022-08-15
Canada,CA,en.wikipedia,242702,Monkeypox,1144,2022-08-15
United Kingdom,GB,en.wikipedia,242702,Monkeypox,1284,2022-08-15
India,IN,en.wikipedia,242702,Monkeypox,620,2022-08-15
United States of America,US,en.wikipedia,39680623,Monkeypox virus,720,2022-08-15
United States of America,US,en.wikipedia,242702,Monkeypox,13175,2022-08-15
Australia,AU,en.wikipedia,242702,Monkeypox,665,2022-08-16
Canada,CA,en.wikipedia,242702,Monkeypox,1112,2022-08-16
United Kingdom,GB,en.wikipedia,242702,Monkeypox,1412,2022-08-16
India,IN,en.wikipedia,242702,Monkeypox,690,2022-08-16
United States of America,US,en.wikipedia,39680623,Monkeypox virus,718,2022-08-16
United States of America,US,en.wikipedia,242702,Monkeypox,13582,2022-08-16
Australia,AU,en.wikipedia,242702,Monkeypox,719,2022-08-17
Canada,CA,en.wikipedia,242702,Monkeypox,1084,2022-08-17
United Kingdom,GB,en.wikipedia,242702,Monkeypox,1271,2022-08-17
India,IN,en.wikipedia,242702,Monkeypox,668,2022-08-17
United States of America,US,en.wikipedia,39680623,Monkeypox virus,762,2022-08-17
United States of America,US,en.wikipedia,242702,Monkeypox,13170,2022-08-17
Australia,AU,en.wikipedia,242702,Monkeypox,526,2022-08-18
Canada,CA,en.wikipedia,242702,Monkeypox,1129,2022-08-18
United Kingdom,GB,en.wikipedia,242702,Monkeypox,1301,2022-08-18
India,IN,en.wikipedia,242702,Monkeypox,725,2022-08-18
United States of America,US,en.wikipedia,39680623,Monkeypox virus,807,2022-08-18
United States of America,US,en.wikipedia,242702,Monkeypox,13895,2022-08-18
Australia,AU,en.wikipedia,242702,Monkeypox,533,2022-08-19
Canada,CA,en.wikipedia,242702,Monkeypox,1092,2022-08-19
United Kingdom,GB,en.wikipedia,242702,Monkeypox,1118,2022-08-19
India,IN,en.wikipedia,242702,Monkeypox,787,2022-08-19
United States of America,US,en.wikipedia,39680623,Monkeypox virus,794,2022-08-19
United States of America,US,en.wikipedia,242702,Monkeypox,12540,2022-08-19
Australia,AU,en.wikipedia,242702,Monkeypox,1182,2022-08-20
Canada,CA,en.wikipedia,242702,Monkeypox,933,2022-08-20
United Kingdom,GB,en.wikipedia,242702,Monkeypox,885,2022-08-20
Indonesia,ID,en.wikipedia,242702,Monkeypox,466,2022-08-20
India,IN,en.wikipedia,242702,Monkeypox,725,2022-08-20
United States of America,US,en.wikipedia,39680623,Monkeypox virus,504,2022-08-20
United States of America,US,en.wikipedia,242702,Monkeypox,10061,2022-08-20
Australia,AU,en.wikipedia,242702,Monkeypox,1205,2022-08-21
Canada,CA,en.wikipedia,242702,Monkeypox,912,2022-08-21
United Kingdom,GB,en.wikipedia,242702,Monkeypox,974,2022-08-21
India,IN,en.wikipedia,242702,Monkeypox,758,2022-08-21
United States of America,US,en.wikipedia,39680623,Monkeypox virus,494,2022-08-21
United States of America,US,en.wikipedia,242702,Monkeypox,9698,2022-08-21
Australia,AU,en.wikipedia,242702,Monkeypox,798,2022-08-22
Canada,CA,en.wikipedia,242702,Monkeypox,921,2022-08-22
United Kingdom,GB,en.wikipedia,242702,Monkeypox,914,2022-08-22
India,IN,en.wikipedia,242702,Monkeypox,715,2022-08-22
United States of America,US,en.wikipedia,39680623,Monkeypox virus,541,2022-08-22
United States of America,US,en.wikipedia,242702,Monkeypox,9849,2022-08-22
Australia,AU,en.wikipedia,242702,Monkeypox,633,2022-08-23
Canada,CA,en.wikipedia,242702,Monkeypox,863,2022-08-23
United Kingdom,GB,en.wikipedia,242702,Monkeypox,826,2022-08-23
India,IN,en.wikipedia,242702,Monkeypox,572,2022-08-23
United States of America,US,en.wikipedia,39680623,Monkeypox virus,478,2022-08-23
United States of America,US,en.wikipedia,242702,Monkeypox,9244,2022-08-23
Australia,AU,en.wikipedia,242702,Monkeypox,538,2022-08-24
Canada,CA,en.wikipedia,242702,Monkeypox,767,2022-08-24
United Kingdom,GB,en.wikipedia,242702,Monkeypox,731,2022-08-24
India,IN,en.wikipedia,242702,Monkeypox,707,2022-08-24
United States of America,US,en.wikipedia,242702,Monkeypox,7830,2022-08-24
Canada,CA,en.wikipedia,242702,Monkeypox,722,2022-08-25
United Kingdom,GB,en.wikipedia,242702,Monkeypox,707,2022-08-25
India,IN,en.wikipedia,242702,Monkeypox,661,2022-08-25
United States of America,US,en.wikipedia,242702,Monkeypox,6893,2022-08-25
Canada,CA,en.wikipedia,242702,Monkeypox,555,2022-08-26
United Kingdom,GB,en.wikipedia,242702,Monkeypox,596,2022-08-26
United States of America,US,en.wikipedia,242702,Monkeypox,6314,2022-08-26
United Kingdom,GB,en.wikipedia,242702,Monkeypox,777,2022-08-27
India,IN,en.wikipedia,242702,Monkeypox,462,2022-08-27
United States of America,US,en.wikipedia,242702,Monkeypox,5456,2022-08-27
United Kingdom,GB,en.wikipedia,242702,Monkeypox,516,2022-08-28
India,IN,en.wikipedia,242702,Monkeypox,694,2022-08-28
United States of America,US,en.wikipedia,242702,Monkeypox,4771,2022-08-28
Canada,CA,en.wikipedia,242702,Monkeypox,557,2022-08-29
United Kingdom,GB,en.wikipedia,242702,Monkeypox,672,2022-08-29
India,IN,en.wikipedia,242702,Monkeypox,679,2022-08-29
United States of America,US,en.wikipedia,242702,Monkeypox,5265,2022-08-29
Canada,CA,en.wikipedia,242702,Monkeypox,468,2022-08-30
United Kingdom,GB,en.wikipedia,242702,Monkeypox,479,2022-08-30
India,IN,en.wikipedia,242702,Monkeypox,508,2022-08-30
United States of America,US,en.wikipedia,242702,Monkeypox,5872,2022-08-30
India,IN,en.wikipedia,242702,Monkeypox,567,2022-08-31
United States of America,US,en.wikipedia,242702,Monkeypox,5650,2022-08-31
India,IN,en.wikipedia,242702,Monkeypox,580,2022-09-01
United States of America,US,en.wikipedia,242702,Monkeypox,4694,2022-09-01
United Kingdom,GB,en.wikipedia,242702,Monkeypox,535,2022-09-02
India,IN,en.wikipedia,242702,Monkeypox,564,2022-09-02
United States of America,US,en.wikipedia,242702,Monkeypox,4065,2022-09-02
United States of America,US,en.wikipedia,242702,Monkeypox,3612,2022-09-03
United States of America,US,en.wikipedia,242702,Monkeypox,3485,2022-09-04
United States of America,US,en.wikipedia,242702,Monkeypox,3489,2022-09-05
United States of America,US,en.wikipedia,242702,Monkeypox,3393,2022-09-06
United States of America,US,en.wikipedia,242702,Monkeypox,4375,2022-09-07
United Kingdom,GB,en.wikipedia,242702,Monkeypox,452,2022-09-08
India,IN,en.wikipedia,242702,Monkeypox,16123,2022-09-08
New Zealand,NZ,en.wikipedia,242702,Monkeypox,5630,2022-09-08
United States of America,US,en.wikipedia,242702,Monkeypox,5873,2022-09-08
India,IN,en.wikipedia,242702,Monkeypox,2370,2022-09-09
United States of America,US,en.wikipedia,242702,Monkeypox,5392,2022-09-09
India,IN,en.wikipedia,242702,Monkeypox,568,2022-09-10
United States of America,US,en.wikipedia,242702,Monkeypox,4737,2022-09-10
United States of America,US,en.wikipedia,242702,Monkeypox,4510,2022-09-11
United States of America,US,en.wikipedia,242702,Monkeypox,4805,2022-09-12
United States of America,US,en.wikipedia,242702,Monkeypox,4725,2022-09-13
United States of America,US,en.wikipedia,242702,Monkeypox,4224,2022-09-14
United States of America,US,en.wikipedia,242702,Monkeypox,3872,2022-09-15
United States of America,US,en.wikipedia,242702,Monkeypox,3871,2022-09-16
India,IN,en.wikipedia,242702,Monkeypox,1327,2022-09-17
United States of America,US,en.wikipedia,242702,Monkeypox,3404,2022-09-17
New Zealand,NZ,en.wikipedia,242702,Monkeypox,806,2022-09-17
India,IN,en.wikipedia,242702,Monkeypox,1170,2022-09-18
United States of America,US,en.wikipedia,242702,Monkeypox,3237,2022-09-18
New Zealand,NZ,en.wikipedia,242702,Monkeypox,516,2022-09-18
India,IN,en.wikipedia,242702,Monkeypox,661,2022-09-19
United States of America,US,en.wikipedia,242702,Monkeypox,3688,2022-09-19
United States of America,US,en.wikipedia,242702,Monkeypox,3317,2022-09-20
United States of America,US,en.wikipedia,242702,Monkeypox,3150,2022-09-21
United States of America,US,en.wikipedia,242702,Monkeypox,2609,2022-09-22
United States of America,US,en.wikipedia,242702,Monkeypox,1546,2022-09-23
United States of America,US,en.wikipedia,242702,Monkeypox,1039,2022-09-24
United States of America,US,en.wikipedia,242702,Monkeypox,881,2022-09-25
United States of America,US,en.wikipedia,242702,Monkeypox,993,2022-09-26
United States of America,US,en.wikipedia,242702,Monkeypox,835,2022-09-27
United States of America,US,en.wikipedia,242702,Monkeypox,697,2022-09-28
United States of America,US,en.wikipedia,242702,Monkeypox,710,2022-09-29
United States of America,US,en.wikipedia,242702,Monkeypox,770,2022-09-30
United States of America,US,en.wikipedia,242702,Monkeypox,544,2022-10-01
United States of America,US,en.wikipedia,242702,Monkeypox,727,2022-10-02
United States of America,US,en.wikipedia,242702,Monkeypox,724,2022-10-03
United States of America,US,en.wikipedia,242702,Monkeypox,700,2022-10-04
United States of America,US,en.wikipedia,242702,Monkeypox,656,2022-10-05
United States of America,US,en.wikipedia,242702,Monkeypox,704,2022-10-06
United States of America,US,en.wikipedia,242702,Monkeypox,581,2022-10-07
United States of America,US,en.wikipedia,242702,Monkeypox,486,2022-10-08
United States of America,US,en.wikipedia,242702,Monkeypox,570,2022-10-10
United States of America,US,en.wikipedia,242702,Monkeypox,577,2022-10-11
United States of America,US,en.wikipedia,242702,Monkeypox,581,2022-10-12
United States of America,US,en.wikipedia,242702,Monkeypox,678,2022-10-13
United States of America,US,en.wikipedia,242702,Monkeypox,513,2022-10-14
United States of America,US,en.wikipedia,242702,Monkeypox,505,2022-10-15
United States of America,US,en.wikipedia,242702,Monkeypox,554,2022-10-17
United States of America,US,en.wikipedia,242702,Monkeypox,573,2022-10-18
United States of America,US,en.wikipedia,242702,Monkeypox,531,2022-10-19
United States of America,US,en.wikipedia,242702,Monkeypox,592,2022-10-20
United States of America,US,en.wikipedia,242702,Monkeypox,461,2022-10-21
United States of America,US,en.wikipedia,242702,Monkeypox,539,2022-10-23
United States of America,US,en.wikipedia,242702,Monkeypox,617,2022-10-24
United States of America,US,en.wikipedia,242702,Monkeypox,631,2022-10-25
United States of America,US,en.wikipedia,242702,Monkeypox,638,2022-10-26
United States of America,US,en.wikipedia,242702,Monkeypox,587,2022-10-27
United States of America,US,en.wikipedia,242702,Monkeypox,496,2022-11-01
United States of America,US,en.wikipedia,242702,Monkeypox,637,2022-11-03
United States of America,US,en.wikipedia,242702,Monkeypox,777,2022-11-04
United States of America,US,en.wikipedia,242702,Monkeypox,680,2022-11-05
United States of America,US,en.wikipedia,242702,Monkeypox,581,2022-11-07
United States of America,US,en.wikipedia,242702,Monkeypox,583,2022-11-08
United States of America,US,en.wikipedia,242702,Monkeypox,733,2022-11-09
United States of America,US,en.wikipedia,242702,Monkeypox,825,2022-11-10
United States of America,US,en.wikipedia,242702,Monkeypox,961,2022-11-11
United States of America,US,en.wikipedia,242702,Monkeypox,854,2022-11-12
United States of America,US,en.wikipedia,242702,Monkeypox,810,2022-11-13
United States of America,US,en.wikipedia,242702,Monkeypox,784,2022-11-14
United States of America,US,en.wikipedia,242702,Monkeypox,611,2022-11-15
United States of America,US,en.wikipedia,242702,Monkeypox,694,2022-11-16
United States of America,US,en.wikipedia,242702,Monkeypox,808,2022-11-17
United States of America,US,en.wikipedia,242702,Monkeypox,663,2022-11-18
United States of America,US,en.wikipedia,242702,Monkeypox,558,2022-11-19
United States of America,US,en.wikipedia,242702,Monkeypox,514,2022-11-20
United States of America,US,en.wikipedia,242702,Monkeypox,596,2022-11-21
United States of America,US,en.wikipedia,242702,Monkeypox,553,2022-11-22
United States of America,US,en.wikipedia,242702,Monkeypox,868,2022-11-23
United States of America,US,en.wikipedia,242702,Monkeypox,761,2022-11-24
United States of America,US,en.wikipedia,242702,Monkeypox,646,2022-11-25
United States of America,US,en.wikipedia,242702,Monkeypox,702,2022-11-26
United States of America,US,en.wikipedia,242702,Monkeypox,694,2022-11-27
United Kingdom,GB,en.wikipedia,242702,Monkeypox,1651,2022-11-28
United States of America,US,en.wikipedia,242702,Monkeypox,2037,2022-11-28
United Kingdom,GB,en.wikipedia,242702,Monkeypox,553,2022-11-29
United States of America,US,en.wikipedia,242702,Monkeypox,2820,2022-11-29
United States of America,US,en.wikipedia,242702,Monkeypox,1467,2022-11-30
United States of America,US,en.wikipedia,242702,Monkeypox,1124,2022-12-01
United States of America,US,en.wikipedia,242702,Monkeypox,755,2022-12-02
United States of America,US,en.wikipedia,242702,Monkeypox,796,2022-12-03
United States of America,US,en.wikipedia,242702,Monkeypox,835,2022-12-04
United States of America,US,en.wikipedia,242702,Monkeypox,720,2022-12-05
United States of America,US,en.wikipedia,242702,Monkeypox,767,2022-12-06
United States of America,US,en.wikipedia,242702,Monkeypox,693,2022-12-07
United States of America,US,en.wikipedia,242702,Monkeypox,660,2022-12-08
United States of America,US,en.wikipedia,242702,Monkeypox,628,2022-12-09
United States of America,US,en.wikipedia,242702,Monkeypox,521,2022-12-12
United States of America,US,en.wikipedia,242702,Monkeypox,566,2022-12-13
United States of America,US,en.wikipedia,242702,Monkeypox,614,2022-12-14
United States of America,US,en.wikipedia,242702,Monkeypox,575,2022-12-15
United States of America,US,en.wikipedia,242702,Monkeypox,627,2022-12-16
United States of America,US,en.wikipedia,242702,Monkeypox,470,2022-12-17
United States of America,US,en.wikipedia,242702,Monkeypox,491,2022-12-19
United States of America,US,en.wikipedia,242702,Monkeypox,496,2022-12-20
United States of America,US,en.wikipedia,242702,Monkeypox,477,2022-12-28
United States of America,US,en.wikipedia,242702,Monkeypox,525,2023-01-06
United States of America,US,en.wikipedia,242702,Monkeypox,524,2023-01-25
United States of America,US,en.wikipedia,242702,Monkeypox,452,2023-01-31
