project,page_name,date,views
tl.wikipedia,Monkeypox,2022-05-22,20
tl.wikipedia,Monkeypox,2022-05-22,20
tl.wikipedia,Monkeypox,2022-05-22,20
tl.wikipedia,Monkeypox,2022-05-23,9
tl.wikipedia,Monkeypox,2022-05-23,9
tl.wikipedia,Monkeypox,2022-05-23,9
tl.wikipedia,Monkeypox,2022-05-24,4
tl.wikipedia,Monkeypox,2022-05-24,4
tl.wikipedia,Monkeypox,2022-05-24,4
tl.wikipedia,Monkeypox,2022-05-25,7
tl.wikipedia,Monkeypox,2022-05-25,7
tl.wikipedia,Monkeypox,2022-05-25,7
tl.wikipedia,Monkeypox,2022-05-26,36
tl.wikipedia,Monkeypox,2022-05-26,36
tl.wikipedia,Monkeypox,2022-05-26,36
tl.wikipedia,Monkeypox,2022-05-27,12
tl.wikipedia,Monkeypox,2022-05-27,12
tl.wikipedia,Monkeypox,2022-05-27,12
tl.wikipedia,Monkeypox,2022-05-28,4
tl.wikipedia,Monkeypox,2022-05-28,4
tl.wikipedia,Monkeypox,2022-05-28,4
tl.wikipedia,Monkeypox,2022-05-29,4
tl.wikipedia,Monkeypox,2022-05-29,4
tl.wikipedia,Monkeypox,2022-05-29,4
tl.wikipedia,Monkeypox,2022-05-30,5
tl.wikipedia,Monkeypox,2022-05-30,5
tl.wikipedia,Monkeypox,2022-05-30,5
tl.wikipedia,Monkeypox,2022-05-31,11
tl.wikipedia,Monkeypox,2022-05-31,11
tl.wikipedia,Monkeypox,2022-05-31,11
tl.wikipedia,Monkeypox,2022-06-01,20
tl.wikipedia,Monkeypox,2022-06-01,20
tl.wikipedia,Monkeypox,2022-06-01,20
tl.wikipedia,Monkeypox,2022-06-02,14
tl.wikipedia,Monkeypox,2022-06-02,14
tl.wikipedia,Monkeypox,2022-06-02,14
tl.wikipedia,Monkeypox,2022-06-03,14
tl.wikipedia,Monkeypox,2022-06-03,14
tl.wikipedia,Monkeypox,2022-06-03,14
tl.wikipedia,Monkeypox,2022-06-04,11
tl.wikipedia,Monkeypox,2022-06-04,11
tl.wikipedia,Monkeypox,2022-06-04,11
tl.wikipedia,Monkeypox,2022-06-05,6
tl.wikipedia,Monkeypox,2022-06-05,6
tl.wikipedia,Monkeypox,2022-06-05,6
tl.wikipedia,Monkeypox,2022-06-06,4
tl.wikipedia,Monkeypox,2022-06-06,4
tl.wikipedia,Monkeypox,2022-06-06,4
tl.wikipedia,Monkeypox,2022-06-07,4
tl.wikipedia,Monkeypox,2022-06-07,4
tl.wikipedia,Monkeypox,2022-06-07,4
tl.wikipedia,Monkeypox,2022-06-08,10
tl.wikipedia,Monkeypox,2022-06-08,10
tl.wikipedia,Monkeypox,2022-06-08,10
tl.wikipedia,Monkeypox,2022-06-09,18
tl.wikipedia,Monkeypox,2022-06-09,18
tl.wikipedia,Monkeypox,2022-06-09,18
tl.wikipedia,Monkeypox,2022-06-10,4
tl.wikipedia,Monkeypox,2022-06-10,4
tl.wikipedia,Monkeypox,2022-06-10,4
tl.wikipedia,Monkeypox,2022-06-11,18
tl.wikipedia,Monkeypox,2022-06-11,18
tl.wikipedia,Monkeypox,2022-06-11,18
tl.wikipedia,Monkeypox,2022-06-12,13
tl.wikipedia,Monkeypox,2022-06-12,13
tl.wikipedia,Monkeypox,2022-06-12,13
tl.wikipedia,Monkeypox,2022-06-13,30
tl.wikipedia,Monkeypox,2022-06-13,30
tl.wikipedia,Monkeypox,2022-06-13,30
tl.wikipedia,Monkeypox,2022-06-14,20
tl.wikipedia,Monkeypox,2022-06-14,20
tl.wikipedia,Monkeypox,2022-06-14,20
tl.wikipedia,Monkeypox,2022-06-15,34
tl.wikipedia,Monkeypox,2022-06-15,34
tl.wikipedia,Monkeypox,2022-06-15,34
tl.wikipedia,Monkeypox,2022-06-16,25
tl.wikipedia,Monkeypox,2022-06-16,25
tl.wikipedia,Monkeypox,2022-06-16,25
tl.wikipedia,Monkeypox,2022-06-17,14
tl.wikipedia,Monkeypox,2022-06-17,14
tl.wikipedia,Monkeypox,2022-06-17,14
tl.wikipedia,Monkeypox,2022-06-18,164
tl.wikipedia,Monkeypox,2022-06-18,164
tl.wikipedia,Monkeypox,2022-06-18,164
tl.wikipedia,Monkeypox,2022-06-19,16
tl.wikipedia,Monkeypox,2022-06-19,16
tl.wikipedia,Monkeypox,2022-06-19,16
tl.wikipedia,Monkeypox,2022-06-20,35
tl.wikipedia,Monkeypox,2022-06-20,35
tl.wikipedia,Monkeypox,2022-06-20,35
tl.wikipedia,Monkeypox,2022-06-21,21
tl.wikipedia,Monkeypox,2022-06-21,21
tl.wikipedia,Monkeypox,2022-06-21,21
tl.wikipedia,Monkeypox,2022-06-22,29
tl.wikipedia,Monkeypox,2022-06-22,29
tl.wikipedia,Monkeypox,2022-06-22,29
tl.wikipedia,Monkeypox,2022-06-23,15
tl.wikipedia,Monkeypox,2022-06-23,15
tl.wikipedia,Monkeypox,2022-06-23,15
tl.wikipedia,Monkeypox,2022-06-24,9
tl.wikipedia,Monkeypox,2022-06-24,9
tl.wikipedia,Monkeypox,2022-06-24,9
tl.wikipedia,Monkeypox,2022-06-25,10
tl.wikipedia,Monkeypox,2022-06-25,10
tl.wikipedia,Monkeypox,2022-06-25,10
tl.wikipedia,Monkeypox,2022-06-26,25
tl.wikipedia,Monkeypox,2022-06-26,25
tl.wikipedia,Monkeypox,2022-06-26,25
tl.wikipedia,Monkeypox,2022-06-27,21
tl.wikipedia,Monkeypox,2022-06-27,21
tl.wikipedia,Monkeypox,2022-06-27,21
tl.wikipedia,Monkeypox,2022-06-28,16
tl.wikipedia,Monkeypox,2022-06-28,16
tl.wikipedia,Monkeypox,2022-06-28,16
tl.wikipedia,Monkeypox,2022-06-29,8
tl.wikipedia,Monkeypox,2022-06-29,8
tl.wikipedia,Monkeypox,2022-06-29,8
tl.wikipedia,Monkeypox,2022-06-30,4
tl.wikipedia,Monkeypox,2022-06-30,4
tl.wikipedia,Monkeypox,2022-06-30,4
tl.wikipedia,Monkeypox,2022-07-01,14
tl.wikipedia,Monkeypox,2022-07-01,14
tl.wikipedia,Monkeypox,2022-07-01,14
tl.wikipedia,Monkeypox,2022-07-02,12
tl.wikipedia,Monkeypox,2022-07-02,12
tl.wikipedia,Monkeypox,2022-07-02,12
tl.wikipedia,Monkeypox,2022-07-03,16
tl.wikipedia,Monkeypox,2022-07-03,16
tl.wikipedia,Monkeypox,2022-07-03,16
tl.wikipedia,Monkeypox,2022-07-04,28
tl.wikipedia,Monkeypox,2022-07-04,28
tl.wikipedia,Monkeypox,2022-07-04,28
tl.wikipedia,Monkeypox,2022-07-05,16
tl.wikipedia,Monkeypox,2022-07-05,16
tl.wikipedia,Monkeypox,2022-07-05,16
tl.wikipedia,Monkeypox,2022-07-06,24
tl.wikipedia,Monkeypox,2022-07-06,24
tl.wikipedia,Monkeypox,2022-07-06,24
tl.wikipedia,Monkeypox,2022-07-07,19
tl.wikipedia,Monkeypox,2022-07-07,19
tl.wikipedia,Monkeypox,2022-07-07,19
tl.wikipedia,Monkeypox,2022-07-08,20
tl.wikipedia,Monkeypox,2022-07-08,20
tl.wikipedia,Monkeypox,2022-07-08,20
tl.wikipedia,Monkeypox,2022-07-09,27
tl.wikipedia,Monkeypox,2022-07-09,27
tl.wikipedia,Monkeypox,2022-07-09,27
tl.wikipedia,Monkeypox,2022-07-10,11
tl.wikipedia,Monkeypox,2022-07-10,11
tl.wikipedia,Monkeypox,2022-07-10,11
tl.wikipedia,Monkeypox,2022-07-11,18
tl.wikipedia,Monkeypox,2022-07-11,18
tl.wikipedia,Monkeypox,2022-07-11,18
tl.wikipedia,Monkeypox,2022-07-12,18
tl.wikipedia,Monkeypox,2022-07-12,18
tl.wikipedia,Monkeypox,2022-07-12,18
tl.wikipedia,Monkeypox,2022-07-13,21
tl.wikipedia,Monkeypox,2022-07-13,21
tl.wikipedia,Monkeypox,2022-07-13,21
tl.wikipedia,Monkeypox,2022-07-14,24
tl.wikipedia,Monkeypox,2022-07-14,24
tl.wikipedia,Monkeypox,2022-07-14,24
tl.wikipedia,Monkeypox,2022-07-15,14
tl.wikipedia,Monkeypox,2022-07-15,14
tl.wikipedia,Monkeypox,2022-07-15,14
tl.wikipedia,Monkeypox,2022-07-16,8
tl.wikipedia,Monkeypox,2022-07-16,8
tl.wikipedia,Monkeypox,2022-07-16,8
tl.wikipedia,Monkeypox,2022-07-17,11
tl.wikipedia,Monkeypox,2022-07-17,11
tl.wikipedia,Monkeypox,2022-07-17,11
tl.wikipedia,Monkeypox,2022-07-18,13
tl.wikipedia,Monkeypox,2022-07-18,13
tl.wikipedia,Monkeypox,2022-07-18,13
tl.wikipedia,Monkeypox,2022-07-19,11
tl.wikipedia,Monkeypox,2022-07-19,11
tl.wikipedia,Monkeypox,2022-07-19,11
tl.wikipedia,Monkeypox,2022-07-20,6
tl.wikipedia,Monkeypox,2022-07-20,6
tl.wikipedia,Monkeypox,2022-07-20,6
tl.wikipedia,Monkeypox,2022-07-21,8
tl.wikipedia,Monkeypox,2022-07-21,8
tl.wikipedia,Monkeypox,2022-07-21,8
tl.wikipedia,Monkeypox,2022-07-22,13
tl.wikipedia,Monkeypox,2022-07-22,13
tl.wikipedia,Monkeypox,2022-07-22,13
tl.wikipedia,Monkeypox,2022-07-23,159
tl.wikipedia,Monkeypox,2022-07-23,159
tl.wikipedia,Monkeypox,2022-07-23,159
tl.wikipedia,Monkeypox,2022-07-24,203
tl.wikipedia,Monkeypox,2022-07-24,203
tl.wikipedia,Monkeypox,2022-07-24,203
tl.wikipedia,Monkeypox,2022-07-25,175
tl.wikipedia,Monkeypox,2022-07-25,175
tl.wikipedia,Monkeypox,2022-07-25,175
tl.wikipedia,Monkeypox,2022-07-26,82
tl.wikipedia,Monkeypox,2022-07-26,82
tl.wikipedia,Monkeypox,2022-07-26,82
tl.wikipedia,Monkeypox,2022-07-27,59
tl.wikipedia,Monkeypox,2022-07-27,59
tl.wikipedia,Monkeypox,2022-07-27,59
tl.wikipedia,Monkeypox,2022-07-28,53
tl.wikipedia,Monkeypox,2022-07-28,53
tl.wikipedia,Monkeypox,2022-07-28,53
tl.wikipedia,Monkeypox,2022-07-29,1835
tl.wikipedia,Monkeypox,2022-07-29,1835
tl.wikipedia,Monkeypox,2022-07-29,1835
tl.wikipedia,Monkeypox,2022-07-30,1622
tl.wikipedia,Monkeypox,2022-07-30,1622
tl.wikipedia,Monkeypox,2022-07-30,1622
tl.wikipedia,Monkeypox,2022-07-31,993
tl.wikipedia,Monkeypox,2022-07-31,993
tl.wikipedia,Monkeypox,2022-07-31,993
tl.wikipedia,Monkeypox,2022-08-01,757
tl.wikipedia,Monkeypox,2022-08-01,757
tl.wikipedia,Monkeypox,2022-08-01,757
tl.wikipedia,Monkeypox,2022-08-02,733
tl.wikipedia,Monkeypox,2022-08-02,733
tl.wikipedia,Monkeypox,2022-08-02,733
tl.wikipedia,Monkeypox,2022-08-03,644
tl.wikipedia,Monkeypox,2022-08-03,644
tl.wikipedia,Monkeypox,2022-08-03,644
tl.wikipedia,Monkeypox,2022-08-04,493
tl.wikipedia,Monkeypox,2022-08-04,493
tl.wikipedia,Monkeypox,2022-08-04,493
tl.wikipedia,Monkeypox,2022-08-05,390
tl.wikipedia,Monkeypox,2022-08-05,390
tl.wikipedia,Monkeypox,2022-08-05,390
tl.wikipedia,Monkeypox,2022-08-06,333
tl.wikipedia,Monkeypox,2022-08-06,333
tl.wikipedia,Monkeypox,2022-08-06,333
tl.wikipedia,Monkeypox,2022-08-07,322
tl.wikipedia,Monkeypox,2022-08-07,322
tl.wikipedia,Monkeypox,2022-08-07,322
tl.wikipedia,Monkeypox,2022-08-08,292
tl.wikipedia,Monkeypox,2022-08-08,292
tl.wikipedia,Monkeypox,2022-08-08,292
tl.wikipedia,Monkeypox,2022-08-09,273
tl.wikipedia,Monkeypox,2022-08-09,273
tl.wikipedia,Monkeypox,2022-08-09,273
tl.wikipedia,Monkeypox,2022-08-10,243
tl.wikipedia,Monkeypox,2022-08-10,243
tl.wikipedia,Monkeypox,2022-08-10,243
tl.wikipedia,Monkeypox,2022-08-11,235
tl.wikipedia,Monkeypox,2022-08-11,235
tl.wikipedia,Monkeypox,2022-08-11,235
tl.wikipedia,Monkeypox,2022-08-12,155
tl.wikipedia,Monkeypox,2022-08-12,155
tl.wikipedia,Monkeypox,2022-08-12,155
tl.wikipedia,Monkeypox,2022-08-13,148
tl.wikipedia,Monkeypox,2022-08-13,148
tl.wikipedia,Monkeypox,2022-08-13,148
tl.wikipedia,Monkeypox,2022-08-14,148
tl.wikipedia,Monkeypox,2022-08-14,148
tl.wikipedia,Monkeypox,2022-08-14,148
tl.wikipedia,Monkeypox,2022-08-15,142
tl.wikipedia,Monkeypox,2022-08-15,142
tl.wikipedia,Monkeypox,2022-08-15,142
tl.wikipedia,Monkeypox,2022-08-16,175
tl.wikipedia,Monkeypox,2022-08-16,175
tl.wikipedia,Monkeypox,2022-08-16,175
tl.wikipedia,Monkeypox,2022-08-17,128
tl.wikipedia,Monkeypox,2022-08-17,128
tl.wikipedia,Monkeypox,2022-08-17,128
tl.wikipedia,Monkeypox,2022-08-18,218
tl.wikipedia,Monkeypox,2022-08-18,218
tl.wikipedia,Monkeypox,2022-08-18,218
tl.wikipedia,Monkeypox,2022-08-19,185
tl.wikipedia,Monkeypox,2022-08-19,185
tl.wikipedia,Monkeypox,2022-08-19,185
tl.wikipedia,Monkeypox,2022-08-20,147
tl.wikipedia,Monkeypox,2022-08-20,147
tl.wikipedia,Monkeypox,2022-08-20,147
tl.wikipedia,Monkeypox,2022-08-21,132
tl.wikipedia,Monkeypox,2022-08-21,132
tl.wikipedia,Monkeypox,2022-08-21,132
tl.wikipedia,Monkeypox,2022-08-22,281
tl.wikipedia,Monkeypox,2022-08-22,281
tl.wikipedia,Monkeypox,2022-08-22,281
tl.wikipedia,Monkeypox,2022-08-23,318
tl.wikipedia,Monkeypox,2022-08-23,318
tl.wikipedia,Monkeypox,2022-08-23,318
tl.wikipedia,Monkeypox,2022-08-24,324
tl.wikipedia,Monkeypox,2022-08-24,324
tl.wikipedia,Monkeypox,2022-08-24,324
tl.wikipedia,Monkeypox,2022-08-25,279
tl.wikipedia,Monkeypox,2022-08-25,279
tl.wikipedia,Monkeypox,2022-08-25,279
tl.wikipedia,Monkeypox,2022-08-26,208
tl.wikipedia,Monkeypox,2022-08-26,208
tl.wikipedia,Monkeypox,2022-08-26,208
tl.wikipedia,Monkeypox,2022-08-27,223
tl.wikipedia,Monkeypox,2022-08-27,223
tl.wikipedia,Monkeypox,2022-08-27,223
tl.wikipedia,Monkeypox,2022-08-28,226
tl.wikipedia,Monkeypox,2022-08-28,226
tl.wikipedia,Monkeypox,2022-08-28,226
tl.wikipedia,Monkeypox,2022-08-29,271
tl.wikipedia,Monkeypox,2022-08-29,271
tl.wikipedia,Monkeypox,2022-08-29,271
tl.wikipedia,Monkeypox,2022-08-30,318
tl.wikipedia,Monkeypox,2022-08-30,318
tl.wikipedia,Monkeypox,2022-08-30,318
tl.wikipedia,Monkeypox,2022-08-31,237
tl.wikipedia,Monkeypox,2022-08-31,237
tl.wikipedia,Monkeypox,2022-08-31,237
tl.wikipedia,Monkeypox,2022-09-01,288
tl.wikipedia,Monkeypox,2022-09-01,288
tl.wikipedia,Monkeypox,2022-09-01,288
tl.wikipedia,Monkeypox,2022-09-02,197
tl.wikipedia,Monkeypox,2022-09-02,197
tl.wikipedia,Monkeypox,2022-09-02,197
tl.wikipedia,Monkeypox,2022-09-03,199
tl.wikipedia,Monkeypox,2022-09-03,199
tl.wikipedia,Monkeypox,2022-09-03,199
tl.wikipedia,Monkeypox,2022-09-04,307
tl.wikipedia,Monkeypox,2022-09-04,307
tl.wikipedia,Monkeypox,2022-09-04,307
tl.wikipedia,Monkeypox,2022-09-05,302
tl.wikipedia,Monkeypox,2022-09-05,302
tl.wikipedia,Monkeypox,2022-09-05,302
tl.wikipedia,Monkeypox,2022-09-06,254
tl.wikipedia,Monkeypox,2022-09-06,254
tl.wikipedia,Monkeypox,2022-09-06,254
tl.wikipedia,Monkeypox,2022-09-07,261
tl.wikipedia,Monkeypox,2022-09-07,261
tl.wikipedia,Monkeypox,2022-09-07,261
tl.wikipedia,Monkeypox,2022-09-08,228
tl.wikipedia,Monkeypox,2022-09-08,228
tl.wikipedia,Monkeypox,2022-09-08,228
tl.wikipedia,Monkeypox,2022-09-09,161
tl.wikipedia,Monkeypox,2022-09-09,161
tl.wikipedia,Monkeypox,2022-09-09,161
tl.wikipedia,Monkeypox,2022-09-10,123
tl.wikipedia,Monkeypox,2022-09-10,123
tl.wikipedia,Monkeypox,2022-09-10,123
tl.wikipedia,Monkeypox,2022-09-11,195
tl.wikipedia,Monkeypox,2022-09-11,195
tl.wikipedia,Monkeypox,2022-09-11,195
tl.wikipedia,Monkeypox,2022-09-12,170
tl.wikipedia,Monkeypox,2022-09-12,170
tl.wikipedia,Monkeypox,2022-09-12,170
tl.wikipedia,Monkeypox,2022-09-13,199
tl.wikipedia,Monkeypox,2022-09-13,199
tl.wikipedia,Monkeypox,2022-09-13,199
tl.wikipedia,Monkeypox,2022-09-14,225
tl.wikipedia,Monkeypox,2022-09-14,225
tl.wikipedia,Monkeypox,2022-09-14,225
tl.wikipedia,Monkeypox,2022-09-15,226
tl.wikipedia,Monkeypox,2022-09-15,226
tl.wikipedia,Monkeypox,2022-09-15,226
tl.wikipedia,Monkeypox,2022-09-16,131
tl.wikipedia,Monkeypox,2022-09-16,131
tl.wikipedia,Monkeypox,2022-09-16,131
tl.wikipedia,Monkeypox,2022-09-17,97
tl.wikipedia,Monkeypox,2022-09-17,97
tl.wikipedia,Monkeypox,2022-09-17,97
tl.wikipedia,Monkeypox,2022-09-18,116
tl.wikipedia,Monkeypox,2022-09-18,116
tl.wikipedia,Monkeypox,2022-09-18,116
tl.wikipedia,Monkeypox,2022-09-19,119
tl.wikipedia,Monkeypox,2022-09-19,119
tl.wikipedia,Monkeypox,2022-09-19,119
tl.wikipedia,Monkeypox,2022-09-20,116
tl.wikipedia,Monkeypox,2022-09-20,116
tl.wikipedia,Monkeypox,2022-09-20,116
tl.wikipedia,Monkeypox,2022-09-21,94
tl.wikipedia,Monkeypox,2022-09-21,94
tl.wikipedia,Monkeypox,2022-09-21,94
tl.wikipedia,Monkeypox,2022-09-22,85
tl.wikipedia,Monkeypox,2022-09-22,85
tl.wikipedia,Monkeypox,2022-09-22,85
tl.wikipedia,Monkeypox,2022-09-23,93
tl.wikipedia,Monkeypox,2022-09-23,93
tl.wikipedia,Monkeypox,2022-09-23,93
tl.wikipedia,Monkeypox,2022-09-24,86
tl.wikipedia,Monkeypox,2022-09-24,86
tl.wikipedia,Monkeypox,2022-09-24,86
tl.wikipedia,Monkeypox,2022-09-25,75
tl.wikipedia,Monkeypox,2022-09-25,75
tl.wikipedia,Monkeypox,2022-09-25,75
tl.wikipedia,Monkeypox,2022-09-26,80
tl.wikipedia,Monkeypox,2022-09-26,80
tl.wikipedia,Monkeypox,2022-09-26,80
tl.wikipedia,Monkeypox,2022-09-27,68
tl.wikipedia,Monkeypox,2022-09-27,68
tl.wikipedia,Monkeypox,2022-09-27,68
tl.wikipedia,Monkeypox,2022-09-28,41
tl.wikipedia,Monkeypox,2022-09-28,41
tl.wikipedia,Monkeypox,2022-09-28,41
tl.wikipedia,Monkeypox,2022-09-29,45
tl.wikipedia,Monkeypox,2022-09-29,45
tl.wikipedia,Monkeypox,2022-09-29,45
tl.wikipedia,Monkeypox,2022-09-30,38
tl.wikipedia,Monkeypox,2022-09-30,38
tl.wikipedia,Monkeypox,2022-09-30,38
tl.wikipedia,Monkeypox,2022-10-01,27
tl.wikipedia,Monkeypox,2022-10-01,27
tl.wikipedia,Monkeypox,2022-10-01,27
tl.wikipedia,Monkeypox,2022-10-02,55
tl.wikipedia,Monkeypox,2022-10-02,55
tl.wikipedia,Monkeypox,2022-10-02,55
tl.wikipedia,Monkeypox,2022-10-03,51
tl.wikipedia,Monkeypox,2022-10-03,51
tl.wikipedia,Monkeypox,2022-10-03,51
tl.wikipedia,Monkeypox,2022-10-04,39
tl.wikipedia,Monkeypox,2022-10-04,39
tl.wikipedia,Monkeypox,2022-10-04,39
tl.wikipedia,Monkeypox,2022-10-05,77
tl.wikipedia,Monkeypox,2022-10-05,77
tl.wikipedia,Monkeypox,2022-10-05,77
tl.wikipedia,Monkeypox,2022-10-06,57
tl.wikipedia,Monkeypox,2022-10-06,57
tl.wikipedia,Monkeypox,2022-10-06,57
tl.wikipedia,Monkeypox,2022-10-07,39
tl.wikipedia,Monkeypox,2022-10-07,39
tl.wikipedia,Monkeypox,2022-10-07,39
tl.wikipedia,Monkeypox,2022-10-08,44
tl.wikipedia,Monkeypox,2022-10-08,44
tl.wikipedia,Monkeypox,2022-10-08,44
tl.wikipedia,Monkeypox,2022-10-09,17
tl.wikipedia,Monkeypox,2022-10-09,17
tl.wikipedia,Monkeypox,2022-10-09,17
tl.wikipedia,Monkeypox,2022-10-10,37
tl.wikipedia,Monkeypox,2022-10-10,37
tl.wikipedia,Monkeypox,2022-10-10,37
tl.wikipedia,Monkeypox,2022-10-11,61
tl.wikipedia,Monkeypox,2022-10-11,61
tl.wikipedia,Monkeypox,2022-10-11,61
tl.wikipedia,Monkeypox,2022-10-12,93
tl.wikipedia,Monkeypox,2022-10-12,93
tl.wikipedia,Monkeypox,2022-10-12,93
tl.wikipedia,Monkeypox,2022-10-13,45
tl.wikipedia,Monkeypox,2022-10-13,45
tl.wikipedia,Monkeypox,2022-10-13,45
tl.wikipedia,Monkeypox,2022-10-14,48
tl.wikipedia,Monkeypox,2022-10-14,48
tl.wikipedia,Monkeypox,2022-10-14,48
tl.wikipedia,Monkeypox,2022-10-15,45
tl.wikipedia,Monkeypox,2022-10-15,45
tl.wikipedia,Monkeypox,2022-10-15,45
tl.wikipedia,Monkeypox,2022-10-16,63
tl.wikipedia,Monkeypox,2022-10-16,63
tl.wikipedia,Monkeypox,2022-10-16,63
tl.wikipedia,Monkeypox,2022-10-17,41
tl.wikipedia,Monkeypox,2022-10-17,41
tl.wikipedia,Monkeypox,2022-10-17,41
tl.wikipedia,Monkeypox,2022-10-18,65
tl.wikipedia,Monkeypox,2022-10-18,65
tl.wikipedia,Monkeypox,2022-10-18,65
tl.wikipedia,Monkeypox,2022-10-19,38
tl.wikipedia,Monkeypox,2022-10-19,38
tl.wikipedia,Monkeypox,2022-10-19,38
tl.wikipedia,Monkeypox,2022-10-20,40
tl.wikipedia,Monkeypox,2022-10-20,40
tl.wikipedia,Monkeypox,2022-10-20,40
tl.wikipedia,Monkeypox,2022-10-21,25
tl.wikipedia,Monkeypox,2022-10-21,25
tl.wikipedia,Monkeypox,2022-10-21,25
tl.wikipedia,Monkeypox,2022-10-22,27
tl.wikipedia,Monkeypox,2022-10-22,27
tl.wikipedia,Monkeypox,2022-10-22,27
tl.wikipedia,Monkeypox,2022-10-23,36
tl.wikipedia,Monkeypox,2022-10-23,36
tl.wikipedia,Monkeypox,2022-10-23,36
tl.wikipedia,Monkeypox,2022-10-24,25
tl.wikipedia,Monkeypox,2022-10-24,25
tl.wikipedia,Monkeypox,2022-10-24,25
tl.wikipedia,Monkeypox,2022-10-25,23
tl.wikipedia,Monkeypox,2022-10-25,23
tl.wikipedia,Monkeypox,2022-10-25,23
tl.wikipedia,Monkeypox,2022-10-26,20
tl.wikipedia,Monkeypox,2022-10-26,20
tl.wikipedia,Monkeypox,2022-10-26,20
tl.wikipedia,Monkeypox,2022-10-27,28
tl.wikipedia,Monkeypox,2022-10-27,28
tl.wikipedia,Monkeypox,2022-10-27,28
tl.wikipedia,Monkeypox,2022-10-28,27
tl.wikipedia,Monkeypox,2022-10-28,27
tl.wikipedia,Monkeypox,2022-10-28,27
tl.wikipedia,Monkeypox,2022-10-29,12
tl.wikipedia,Monkeypox,2022-10-29,12
tl.wikipedia,Monkeypox,2022-10-29,12
tl.wikipedia,Monkeypox,2022-10-30,14
tl.wikipedia,Monkeypox,2022-10-30,14
tl.wikipedia,Monkeypox,2022-10-30,14
tl.wikipedia,Monkeypox,2022-10-31,23
tl.wikipedia,Monkeypox,2022-10-31,23
tl.wikipedia,Monkeypox,2022-10-31,23
tl.wikipedia,Monkeypox,2022-11-01,15
tl.wikipedia,Monkeypox,2022-11-01,15
tl.wikipedia,Monkeypox,2022-11-01,15
tl.wikipedia,Monkeypox,2022-11-02,25
tl.wikipedia,Monkeypox,2022-11-02,25
tl.wikipedia,Monkeypox,2022-11-02,25
tl.wikipedia,Monkeypox,2022-11-03,43
tl.wikipedia,Monkeypox,2022-11-03,43
tl.wikipedia,Monkeypox,2022-11-03,43
tl.wikipedia,Monkeypox,2022-11-04,27
tl.wikipedia,Monkeypox,2022-11-04,27
tl.wikipedia,Monkeypox,2022-11-04,27
tl.wikipedia,Monkeypox,2022-11-05,23
tl.wikipedia,Monkeypox,2022-11-05,23
tl.wikipedia,Monkeypox,2022-11-05,23
tl.wikipedia,Monkeypox,2022-11-06,24
tl.wikipedia,Monkeypox,2022-11-06,24
tl.wikipedia,Monkeypox,2022-11-06,24
tl.wikipedia,Monkeypox,2022-11-07,42
tl.wikipedia,Monkeypox,2022-11-07,42
tl.wikipedia,Monkeypox,2022-11-07,42
tl.wikipedia,Monkeypox,2022-11-08,54
tl.wikipedia,Monkeypox,2022-11-08,54
tl.wikipedia,Monkeypox,2022-11-08,54
tl.wikipedia,Monkeypox,2022-11-09,38
tl.wikipedia,Monkeypox,2022-11-09,38
tl.wikipedia,Monkeypox,2022-11-09,38
tl.wikipedia,Monkeypox,2022-11-10,46
tl.wikipedia,Monkeypox,2022-11-10,46
tl.wikipedia,Monkeypox,2022-11-10,46
tl.wikipedia,Monkeypox,2022-11-11,35
tl.wikipedia,Monkeypox,2022-11-11,35
tl.wikipedia,Monkeypox,2022-11-11,35
tl.wikipedia,Monkeypox,2022-11-12,39
tl.wikipedia,Monkeypox,2022-11-12,39
tl.wikipedia,Monkeypox,2022-11-12,39
tl.wikipedia,Monkeypox,2022-11-13,36
tl.wikipedia,Monkeypox,2022-11-13,36
tl.wikipedia,Monkeypox,2022-11-13,36
tl.wikipedia,Monkeypox,2022-11-14,48
tl.wikipedia,Monkeypox,2022-11-14,48
tl.wikipedia,Monkeypox,2022-11-14,48
tl.wikipedia,Monkeypox,2022-11-15,49
tl.wikipedia,Monkeypox,2022-11-15,49
tl.wikipedia,Monkeypox,2022-11-15,49
tl.wikipedia,Monkeypox,2022-11-16,44
tl.wikipedia,Monkeypox,2022-11-16,44
tl.wikipedia,Monkeypox,2022-11-16,44
tl.wikipedia,Monkeypox,2022-11-17,57
tl.wikipedia,Monkeypox,2022-11-17,57
tl.wikipedia,Monkeypox,2022-11-17,57
tl.wikipedia,Monkeypox,2022-11-18,32
tl.wikipedia,Monkeypox,2022-11-18,32
tl.wikipedia,Monkeypox,2022-11-18,32
tl.wikipedia,Monkeypox,2022-11-19,26
tl.wikipedia,Monkeypox,2022-11-19,26
tl.wikipedia,Monkeypox,2022-11-19,26
tl.wikipedia,Monkeypox,2022-11-20,34
tl.wikipedia,Monkeypox,2022-11-20,34
tl.wikipedia,Monkeypox,2022-11-20,34
tl.wikipedia,Monkeypox,2022-11-21,34
tl.wikipedia,Monkeypox,2022-11-21,34
tl.wikipedia,Monkeypox,2022-11-21,34
tl.wikipedia,Monkeypox,2022-11-22,34
tl.wikipedia,Monkeypox,2022-11-22,34
tl.wikipedia,Monkeypox,2022-11-22,34
tl.wikipedia,Monkeypox,2022-11-23,28
tl.wikipedia,Monkeypox,2022-11-23,28
tl.wikipedia,Monkeypox,2022-11-23,28
tl.wikipedia,Monkeypox,2022-11-24,43
tl.wikipedia,Monkeypox,2022-11-24,43
tl.wikipedia,Monkeypox,2022-11-24,43
tl.wikipedia,Monkeypox,2022-11-25,44
tl.wikipedia,Monkeypox,2022-11-25,44
tl.wikipedia,Monkeypox,2022-11-25,44
tl.wikipedia,Monkeypox,2022-11-26,9
tl.wikipedia,Monkeypox,2022-11-26,9
tl.wikipedia,Monkeypox,2022-11-26,9
tl.wikipedia,Monkeypox,2022-11-27,38
tl.wikipedia,Monkeypox,2022-11-27,38
tl.wikipedia,Monkeypox,2022-11-27,38
tl.wikipedia,Monkeypox,2022-11-28,21
tl.wikipedia,Monkeypox,2022-11-28,21
tl.wikipedia,Monkeypox,2022-11-28,21
tl.wikipedia,Monkeypox,2022-11-29,33
tl.wikipedia,Monkeypox,2022-11-29,33
tl.wikipedia,Monkeypox,2022-11-29,33
tl.wikipedia,Monkeypox,2022-11-30,20
tl.wikipedia,Monkeypox,2022-11-30,20
tl.wikipedia,Monkeypox,2022-11-30,20
tl.wikipedia,Monkeypox,2022-12-01,36
tl.wikipedia,Monkeypox,2022-12-01,36
tl.wikipedia,Monkeypox,2022-12-01,36
tl.wikipedia,Monkeypox,2022-12-02,14
tl.wikipedia,Monkeypox,2022-12-02,14
tl.wikipedia,Monkeypox,2022-12-02,14
tl.wikipedia,Monkeypox,2022-12-03,12
tl.wikipedia,Monkeypox,2022-12-03,12
tl.wikipedia,Monkeypox,2022-12-03,12
tl.wikipedia,Monkeypox,2022-12-04,17
tl.wikipedia,Monkeypox,2022-12-04,17
tl.wikipedia,Monkeypox,2022-12-04,17
tl.wikipedia,Monkeypox,2022-12-05,25
tl.wikipedia,Monkeypox,2022-12-05,25
tl.wikipedia,Monkeypox,2022-12-05,25
tl.wikipedia,Monkeypox,2022-12-06,26
tl.wikipedia,Monkeypox,2022-12-06,26
tl.wikipedia,Monkeypox,2022-12-06,26
tl.wikipedia,Monkeypox,2022-12-07,11
tl.wikipedia,Monkeypox,2022-12-07,11
tl.wikipedia,Monkeypox,2022-12-07,11
tl.wikipedia,Monkeypox,2022-12-08,15
tl.wikipedia,Monkeypox,2022-12-08,15
tl.wikipedia,Monkeypox,2022-12-08,15
tl.wikipedia,Monkeypox,2022-12-09,13
tl.wikipedia,Monkeypox,2022-12-09,13
tl.wikipedia,Monkeypox,2022-12-09,13
tl.wikipedia,Monkeypox,2022-12-10,10
tl.wikipedia,Monkeypox,2022-12-10,10
tl.wikipedia,Monkeypox,2022-12-10,10
tl.wikipedia,Monkeypox,2022-12-11,21
tl.wikipedia,Monkeypox,2022-12-11,21
tl.wikipedia,Monkeypox,2022-12-11,21
tl.wikipedia,Monkeypox,2022-12-12,30
tl.wikipedia,Monkeypox,2022-12-12,30
tl.wikipedia,Monkeypox,2022-12-12,30
tl.wikipedia,Monkeypox,2022-12-13,17
tl.wikipedia,Monkeypox,2022-12-13,17
tl.wikipedia,Monkeypox,2022-12-13,17
tl.wikipedia,Monkeypox,2022-12-14,31
tl.wikipedia,Monkeypox,2022-12-14,31
tl.wikipedia,Monkeypox,2022-12-14,31
tl.wikipedia,Monkeypox,2022-12-15,7
tl.wikipedia,Monkeypox,2022-12-15,7
tl.wikipedia,Monkeypox,2022-12-15,7
tl.wikipedia,Monkeypox,2022-12-16,3
tl.wikipedia,Monkeypox,2022-12-16,3
tl.wikipedia,Monkeypox,2022-12-16,3
tl.wikipedia,Monkeypox,2022-12-17,4
tl.wikipedia,Monkeypox,2022-12-17,4
tl.wikipedia,Monkeypox,2022-12-17,4
tl.wikipedia,Monkeypox,2022-12-18,6
tl.wikipedia,Monkeypox,2022-12-18,6
tl.wikipedia,Monkeypox,2022-12-18,6
tl.wikipedia,Monkeypox,2022-12-19,5
tl.wikipedia,Monkeypox,2022-12-19,5
tl.wikipedia,Monkeypox,2022-12-19,5
tl.wikipedia,Monkeypox,2022-12-20,7
tl.wikipedia,Monkeypox,2022-12-20,7
tl.wikipedia,Monkeypox,2022-12-20,7
tl.wikipedia,Monkeypox,2022-12-21,10
tl.wikipedia,Monkeypox,2022-12-21,10
tl.wikipedia,Monkeypox,2022-12-21,10
tl.wikipedia,Monkeypox,2022-12-22,6
tl.wikipedia,Monkeypox,2022-12-22,6
tl.wikipedia,Monkeypox,2022-12-22,6
tl.wikipedia,Monkeypox,2022-12-23,3
tl.wikipedia,Monkeypox,2022-12-23,3
tl.wikipedia,Monkeypox,2022-12-23,3
tl.wikipedia,Monkeypox,2022-12-24,3
tl.wikipedia,Monkeypox,2022-12-24,3
tl.wikipedia,Monkeypox,2022-12-24,3
tl.wikipedia,Monkeypox,2022-12-25,2
tl.wikipedia,Monkeypox,2022-12-25,2
tl.wikipedia,Monkeypox,2022-12-25,2
tl.wikipedia,Monkeypox,2022-12-26,5
tl.wikipedia,Monkeypox,2022-12-26,5
tl.wikipedia,Monkeypox,2022-12-26,5
tl.wikipedia,Monkeypox,2022-12-27,7
tl.wikipedia,Monkeypox,2022-12-27,7
tl.wikipedia,Monkeypox,2022-12-27,7
tl.wikipedia,Monkeypox,2022-12-28,8
tl.wikipedia,Monkeypox,2022-12-28,8
tl.wikipedia,Monkeypox,2022-12-28,8
tl.wikipedia,Monkeypox,2022-12-29,10
tl.wikipedia,Monkeypox,2022-12-29,10
tl.wikipedia,Monkeypox,2022-12-29,10
tl.wikipedia,Monkeypox,2022-12-30,2
tl.wikipedia,Monkeypox,2022-12-30,2
tl.wikipedia,Monkeypox,2022-12-30,2
tl.wikipedia,Monkeypox,2022-12-31,5
tl.wikipedia,Monkeypox,2022-12-31,5
tl.wikipedia,Monkeypox,2022-12-31,5
tl.wikipedia,Monkeypox,2023-01-01,8
tl.wikipedia,Monkeypox,2023-01-01,8
tl.wikipedia,Monkeypox,2023-01-01,8
tl.wikipedia,Monkeypox,2023-01-02,12
tl.wikipedia,Monkeypox,2023-01-02,12
tl.wikipedia,Monkeypox,2023-01-02,12
tl.wikipedia,Monkeypox,2023-01-03,20
tl.wikipedia,Monkeypox,2023-01-03,20
tl.wikipedia,Monkeypox,2023-01-03,20
tl.wikipedia,Monkeypox,2023-01-04,18
tl.wikipedia,Monkeypox,2023-01-04,18
tl.wikipedia,Monkeypox,2023-01-04,18
tl.wikipedia,Monkeypox,2023-01-05,19
tl.wikipedia,Monkeypox,2023-01-05,19
tl.wikipedia,Monkeypox,2023-01-05,19
tl.wikipedia,Monkeypox,2023-01-06,9
tl.wikipedia,Monkeypox,2023-01-06,9
tl.wikipedia,Monkeypox,2023-01-06,9
tl.wikipedia,Monkeypox,2023-01-07,17
tl.wikipedia,Monkeypox,2023-01-07,17
tl.wikipedia,Monkeypox,2023-01-07,17
tl.wikipedia,Monkeypox,2023-01-08,17
tl.wikipedia,Monkeypox,2023-01-08,17
tl.wikipedia,Monkeypox,2023-01-08,17
tl.wikipedia,Monkeypox,2023-01-09,27
tl.wikipedia,Monkeypox,2023-01-09,27
tl.wikipedia,Monkeypox,2023-01-09,27
tl.wikipedia,Monkeypox,2023-01-10,27
tl.wikipedia,Monkeypox,2023-01-10,27
tl.wikipedia,Monkeypox,2023-01-10,27
tl.wikipedia,Monkeypox,2023-01-11,18
tl.wikipedia,Monkeypox,2023-01-11,18
tl.wikipedia,Monkeypox,2023-01-11,18
tl.wikipedia,Monkeypox,2023-01-12,12
tl.wikipedia,Monkeypox,2023-01-12,12
tl.wikipedia,Monkeypox,2023-01-12,12
tl.wikipedia,Monkeypox,2023-01-13,14
tl.wikipedia,Monkeypox,2023-01-13,14
tl.wikipedia,Monkeypox,2023-01-13,14
tl.wikipedia,Monkeypox,2023-01-14,8
tl.wikipedia,Monkeypox,2023-01-14,8
tl.wikipedia,Monkeypox,2023-01-14,8
tl.wikipedia,Monkeypox,2023-01-15,27
tl.wikipedia,Monkeypox,2023-01-15,27
tl.wikipedia,Monkeypox,2023-01-15,27
tl.wikipedia,Monkeypox,2023-01-16,20
tl.wikipedia,Monkeypox,2023-01-16,20
tl.wikipedia,Monkeypox,2023-01-16,20
tl.wikipedia,Monkeypox,2023-01-17,24
tl.wikipedia,Monkeypox,2023-01-17,24
tl.wikipedia,Monkeypox,2023-01-17,24
tl.wikipedia,Monkeypox,2023-01-18,19
tl.wikipedia,Monkeypox,2023-01-18,19
tl.wikipedia,Monkeypox,2023-01-18,19
tl.wikipedia,Monkeypox,2023-01-19,19
tl.wikipedia,Monkeypox,2023-01-19,19
tl.wikipedia,Monkeypox,2023-01-19,19
tl.wikipedia,Monkeypox,2023-01-20,10
tl.wikipedia,Monkeypox,2023-01-20,10
tl.wikipedia,Monkeypox,2023-01-20,10
tl.wikipedia,Monkeypox,2023-01-21,5
tl.wikipedia,Monkeypox,2023-01-21,5
tl.wikipedia,Monkeypox,2023-01-21,5
tl.wikipedia,Monkeypox,2023-01-22,6
tl.wikipedia,Monkeypox,2023-01-22,6
tl.wikipedia,Monkeypox,2023-01-22,6
tl.wikipedia,Monkeypox,2023-01-23,24
tl.wikipedia,Monkeypox,2023-01-23,24
tl.wikipedia,Monkeypox,2023-01-23,24
tl.wikipedia,Monkeypox,2023-01-24,31
tl.wikipedia,Monkeypox,2023-01-24,31
tl.wikipedia,Monkeypox,2023-01-24,31
tl.wikipedia,Monkeypox,2023-01-25,16
tl.wikipedia,Monkeypox,2023-01-25,16
tl.wikipedia,Monkeypox,2023-01-25,16
tl.wikipedia,Monkeypox,2023-01-26,11
tl.wikipedia,Monkeypox,2023-01-26,11
tl.wikipedia,Monkeypox,2023-01-26,11
tl.wikipedia,Monkeypox,2023-01-27,9
tl.wikipedia,Monkeypox,2023-01-27,9
tl.wikipedia,Monkeypox,2023-01-27,9
tl.wikipedia,Monkeypox,2023-01-28,10
tl.wikipedia,Monkeypox,2023-01-28,10
tl.wikipedia,Monkeypox,2023-01-28,10
tl.wikipedia,Monkeypox,2023-01-29,9
tl.wikipedia,Monkeypox,2023-01-29,9
tl.wikipedia,Monkeypox,2023-01-29,9
tl.wikipedia,Monkeypox,2023-01-30,13
tl.wikipedia,Monkeypox,2023-01-30,13
tl.wikipedia,Monkeypox,2023-01-30,13
tl.wikipedia,Monkeypox,2023-01-31,15
tl.wikipedia,Monkeypox,2023-01-31,15
tl.wikipedia,Monkeypox,2023-01-31,15
tl.wikipedia,Monkeypox,2023-02-01,8
tl.wikipedia,Monkeypox,2023-02-01,8
tl.wikipedia,Monkeypox,2023-02-01,8
tl.wikipedia,Monkeypox,2023-02-02,8
tl.wikipedia,Monkeypox,2023-02-02,8
tl.wikipedia,Monkeypox,2023-02-02,8
tl.wikipedia,Monkeypox,2023-02-03,13
tl.wikipedia,Monkeypox,2023-02-03,13
tl.wikipedia,Monkeypox,2023-02-03,13
tl.wikipedia,Monkeypox,2023-02-04,8
tl.wikipedia,Monkeypox,2023-02-04,8
tl.wikipedia,Monkeypox,2023-02-04,8
tl.wikipedia,Monkeypox,2023-02-05,5
tl.wikipedia,Monkeypox,2023-02-05,5
tl.wikipedia,Monkeypox,2023-02-05,5
tl.wikipedia,Monkeypox birus,2022-05-22,15
tl.wikipedia,Monkeypox birus,2022-05-24,8
tl.wikipedia,Monkeypox birus,2022-05-25,2
tl.wikipedia,Monkeypox birus,2022-05-26,4
tl.wikipedia,Monkeypox birus,2022-05-27,8
tl.wikipedia,Monkeypox birus,2022-05-28,2
tl.wikipedia,Monkeypox birus,2022-05-29,3
tl.wikipedia,Monkeypox birus,2022-05-30,2
tl.wikipedia,Monkeypox birus,2022-05-31,2
tl.wikipedia,Monkeypox birus,2022-06-01,11
tl.wikipedia,Monkeypox birus,2022-06-02,4
tl.wikipedia,Monkeypox birus,2022-06-03,2
tl.wikipedia,Monkeypox birus,2022-06-04,2
tl.wikipedia,Monkeypox birus,2022-06-05,3
tl.wikipedia,Monkeypox birus,2022-06-06,1
tl.wikipedia,Monkeypox birus,2022-06-07,6
tl.wikipedia,Monkeypox birus,2022-06-08,4
tl.wikipedia,Monkeypox birus,2022-06-09,5
tl.wikipedia,Monkeypox birus,2022-06-10,0
tl.wikipedia,Monkeypox birus,2022-06-11,5
tl.wikipedia,Monkeypox birus,2022-06-12,1
tl.wikipedia,Monkeypox birus,2022-06-13,2
tl.wikipedia,Monkeypox birus,2022-06-14,4
tl.wikipedia,Monkeypox birus,2022-06-15,2
tl.wikipedia,Monkeypox birus,2022-06-16,7
tl.wikipedia,Monkeypox birus,2022-06-17,4
tl.wikipedia,Monkeypox birus,2022-06-18,39
tl.wikipedia,Monkeypox birus,2022-06-19,1
tl.wikipedia,Monkeypox birus,2022-06-20,10
tl.wikipedia,Monkeypox birus,2022-06-21,7
tl.wikipedia,Monkeypox birus,2022-06-22,4
tl.wikipedia,Monkeypox birus,2022-06-23,0
tl.wikipedia,Monkeypox birus,2022-06-24,5
tl.wikipedia,Monkeypox birus,2022-06-25,2
tl.wikipedia,Monkeypox birus,2022-06-26,2
tl.wikipedia,Monkeypox birus,2022-06-27,4
tl.wikipedia,Monkeypox birus,2022-06-28,0
tl.wikipedia,Monkeypox birus,2022-06-29,4
tl.wikipedia,Monkeypox birus,2022-06-30,1
tl.wikipedia,Monkeypox birus,2022-07-01,4
tl.wikipedia,Monkeypox birus,2022-07-02,5
tl.wikipedia,Monkeypox birus,2022-07-03,4
tl.wikipedia,Monkeypox birus,2022-07-05,1
tl.wikipedia,Monkeypox birus,2022-07-06,4
tl.wikipedia,Monkeypox birus,2022-07-07,2
tl.wikipedia,Monkeypox birus,2022-07-08,2
tl.wikipedia,Monkeypox birus,2022-07-10,0
tl.wikipedia,Monkeypox birus,2022-07-11,1
tl.wikipedia,Monkeypox birus,2022-07-12,0
tl.wikipedia,Monkeypox birus,2022-07-13,3
tl.wikipedia,Monkeypox birus,2022-07-14,0
tl.wikipedia,Monkeypox birus,2022-07-15,5
tl.wikipedia,Monkeypox birus,2022-07-16,1
tl.wikipedia,Monkeypox birus,2022-07-17,0
tl.wikipedia,Monkeypox birus,2022-07-18,2
tl.wikipedia,Monkeypox birus,2022-07-19,1
tl.wikipedia,Monkeypox birus,2022-07-21,2
tl.wikipedia,Monkeypox birus,2022-07-22,0
tl.wikipedia,Monkeypox birus,2022-07-23,10
tl.wikipedia,Monkeypox birus,2022-07-24,6
tl.wikipedia,Monkeypox birus,2022-07-25,15
tl.wikipedia,Monkeypox birus,2022-07-26,3
tl.wikipedia,Monkeypox birus,2022-07-27,5
tl.wikipedia,Monkeypox birus,2022-07-28,2
tl.wikipedia,Monkeypox birus,2022-07-29,82
tl.wikipedia,Monkeypox birus,2022-07-30,55
tl.wikipedia,Monkeypox birus,2022-07-31,51
tl.wikipedia,Monkeypox birus,2022-08-01,41
tl.wikipedia,Monkeypox birus,2022-08-02,28
tl.wikipedia,Monkeypox birus,2022-08-03,24
tl.wikipedia,Monkeypox birus,2022-08-04,16
tl.wikipedia,Monkeypox birus,2022-08-05,13
tl.wikipedia,Monkeypox birus,2022-08-06,19
tl.wikipedia,Monkeypox birus,2022-08-07,14
tl.wikipedia,Monkeypox birus,2022-08-08,4
tl.wikipedia,Monkeypox birus,2022-08-09,14
tl.wikipedia,Monkeypox birus,2022-08-10,8
tl.wikipedia,Monkeypox birus,2022-08-11,7
tl.wikipedia,Monkeypox birus,2022-08-12,3
tl.wikipedia,Monkeypox birus,2022-08-13,5
tl.wikipedia,Monkeypox birus,2022-08-14,6
tl.wikipedia,Monkeypox birus,2022-08-15,12
tl.wikipedia,Monkeypox birus,2022-08-16,9
tl.wikipedia,Monkeypox birus,2022-08-17,7
tl.wikipedia,Monkeypox birus,2022-08-18,7
tl.wikipedia,Monkeypox birus,2022-08-19,7
tl.wikipedia,Monkeypox birus,2022-08-20,6
tl.wikipedia,Monkeypox birus,2022-08-21,1
tl.wikipedia,Monkeypox birus,2022-08-22,13
tl.wikipedia,Monkeypox birus,2022-08-23,11
tl.wikipedia,Monkeypox birus,2022-08-24,11
tl.wikipedia,Monkeypox birus,2022-08-25,7
tl.wikipedia,Monkeypox birus,2022-08-26,11
tl.wikipedia,Monkeypox birus,2022-08-27,12
tl.wikipedia,Monkeypox birus,2022-08-28,8
tl.wikipedia,Monkeypox birus,2022-08-29,17
tl.wikipedia,Monkeypox birus,2022-08-30,26
tl.wikipedia,Monkeypox birus,2022-08-31,19
tl.wikipedia,Monkeypox birus,2022-09-01,26
tl.wikipedia,Monkeypox birus,2022-09-02,13
tl.wikipedia,Monkeypox birus,2022-09-03,11
tl.wikipedia,Monkeypox birus,2022-09-04,11
tl.wikipedia,Monkeypox birus,2022-09-05,11
tl.wikipedia,Monkeypox birus,2022-09-06,16
tl.wikipedia,Monkeypox birus,2022-09-07,11
tl.wikipedia,Monkeypox birus,2022-09-08,14
tl.wikipedia,Monkeypox birus,2022-09-09,5
tl.wikipedia,Monkeypox birus,2022-09-10,8
tl.wikipedia,Monkeypox birus,2022-09-11,5
tl.wikipedia,Monkeypox birus,2022-09-12,12
tl.wikipedia,Monkeypox birus,2022-09-13,20
tl.wikipedia,Monkeypox birus,2022-09-14,12
tl.wikipedia,Monkeypox birus,2022-09-15,12
tl.wikipedia,Monkeypox birus,2022-09-16,4
tl.wikipedia,Monkeypox birus,2022-09-17,2
tl.wikipedia,Monkeypox birus,2022-09-18,8
tl.wikipedia,Monkeypox birus,2022-09-19,4
tl.wikipedia,Monkeypox birus,2022-09-20,5
tl.wikipedia,Monkeypox birus,2022-09-21,8
tl.wikipedia,Monkeypox birus,2022-09-22,3
tl.wikipedia,Monkeypox birus,2022-09-23,1
tl.wikipedia,Monkeypox birus,2022-09-24,9
tl.wikipedia,Monkeypox birus,2022-09-25,5
tl.wikipedia,Monkeypox birus,2022-09-26,4
tl.wikipedia,Monkeypox birus,2022-09-27,2
tl.wikipedia,Monkeypox birus,2022-09-29,2
tl.wikipedia,Monkeypox birus,2022-09-30,4
tl.wikipedia,Monkeypox birus,2022-10-01,1
tl.wikipedia,Monkeypox birus,2022-10-02,3
tl.wikipedia,Monkeypox birus,2022-10-03,2
tl.wikipedia,Monkeypox birus,2022-10-04,2
tl.wikipedia,Monkeypox birus,2022-10-05,3
tl.wikipedia,Monkeypox birus,2022-10-06,3
tl.wikipedia,Monkeypox birus,2022-10-07,1
tl.wikipedia,Monkeypox birus,2022-10-08,2
tl.wikipedia,Monkeypox birus,2022-10-09,1
tl.wikipedia,Monkeypox birus,2022-10-10,3
tl.wikipedia,Monkeypox birus,2022-10-11,2
tl.wikipedia,Monkeypox birus,2022-10-12,8
tl.wikipedia,Monkeypox birus,2022-10-13,1
tl.wikipedia,Monkeypox birus,2022-10-14,1
tl.wikipedia,Monkeypox birus,2022-10-16,2
tl.wikipedia,Monkeypox birus,2022-10-17,2
tl.wikipedia,Monkeypox birus,2022-10-18,7
tl.wikipedia,Monkeypox birus,2022-10-19,6
tl.wikipedia,Monkeypox birus,2022-10-20,3
tl.wikipedia,Monkeypox birus,2022-10-21,0
tl.wikipedia,Monkeypox birus,2022-10-22,3
tl.wikipedia,Monkeypox birus,2022-10-23,3
tl.wikipedia,Monkeypox birus,2022-10-24,0
tl.wikipedia,Monkeypox birus,2022-10-25,5
tl.wikipedia,Monkeypox birus,2022-10-26,4
tl.wikipedia,Monkeypox birus,2022-10-27,1
tl.wikipedia,Monkeypox birus,2022-10-28,4
tl.wikipedia,Monkeypox birus,2022-10-29,0
tl.wikipedia,Monkeypox birus,2022-10-30,0
tl.wikipedia,Monkeypox birus,2022-10-31,2
tl.wikipedia,Monkeypox birus,2022-11-02,0
tl.wikipedia,Monkeypox birus,2022-11-03,3
tl.wikipedia,Monkeypox birus,2022-11-04,1
tl.wikipedia,Monkeypox birus,2022-11-05,1
tl.wikipedia,Monkeypox birus,2022-11-06,0
tl.wikipedia,Monkeypox birus,2022-11-07,2
tl.wikipedia,Monkeypox birus,2022-11-08,3
tl.wikipedia,Monkeypox birus,2022-11-09,4
tl.wikipedia,Monkeypox birus,2022-11-10,3
tl.wikipedia,Monkeypox birus,2022-11-11,0
tl.wikipedia,Monkeypox birus,2022-11-12,1
tl.wikipedia,Monkeypox birus,2022-11-13,1
tl.wikipedia,Monkeypox birus,2022-11-14,3
tl.wikipedia,Monkeypox birus,2022-11-15,2
tl.wikipedia,Monkeypox birus,2022-11-16,0
tl.wikipedia,Monkeypox birus,2022-11-17,1
tl.wikipedia,Monkeypox birus,2022-11-18,2
tl.wikipedia,Monkeypox birus,2022-11-19,4
tl.wikipedia,Monkeypox birus,2022-11-20,0
tl.wikipedia,Monkeypox birus,2022-11-21,4
tl.wikipedia,Monkeypox birus,2022-11-23,3
tl.wikipedia,Monkeypox birus,2022-11-24,5
tl.wikipedia,Monkeypox birus,2022-11-25,2
tl.wikipedia,Monkeypox birus,2022-11-27,3
tl.wikipedia,Monkeypox birus,2022-11-28,5
tl.wikipedia,Monkeypox birus,2022-11-29,5
tl.wikipedia,Monkeypox birus,2022-11-30,0
tl.wikipedia,Monkeypox birus,2022-12-01,0
tl.wikipedia,Monkeypox birus,2022-12-02,0
tl.wikipedia,Monkeypox birus,2022-12-05,4
tl.wikipedia,Monkeypox birus,2022-12-06,3
tl.wikipedia,Monkeypox birus,2022-12-07,1
tl.wikipedia,Monkeypox birus,2022-12-08,1
tl.wikipedia,Monkeypox birus,2022-12-09,1
tl.wikipedia,Monkeypox birus,2022-12-10,0
tl.wikipedia,Monkeypox birus,2022-12-11,3
tl.wikipedia,Monkeypox birus,2022-12-13,6
tl.wikipedia,Monkeypox birus,2022-12-15,1
tl.wikipedia,Monkeypox birus,2022-12-19,0
tl.wikipedia,Monkeypox birus,2022-12-20,0
tl.wikipedia,Monkeypox birus,2022-12-21,0
tl.wikipedia,Monkeypox birus,2022-12-24,0
tl.wikipedia,Monkeypox birus,2022-12-25,1
tl.wikipedia,Monkeypox birus,2022-12-26,0
tl.wikipedia,Monkeypox birus,2022-12-27,0
tl.wikipedia,Monkeypox birus,2022-12-29,1
tl.wikipedia,Monkeypox birus,2022-12-30,0
tl.wikipedia,Monkeypox birus,2022-12-31,1
tl.wikipedia,Monkeypox birus,2023-01-01,1
tl.wikipedia,Monkeypox birus,2023-01-02,3
tl.wikipedia,Monkeypox birus,2023-01-03,2
tl.wikipedia,Monkeypox birus,2023-01-04,3
tl.wikipedia,Monkeypox birus,2023-01-05,2
tl.wikipedia,Monkeypox birus,2023-01-08,0
tl.wikipedia,Monkeypox birus,2023-01-09,0
tl.wikipedia,Monkeypox birus,2023-01-10,1
tl.wikipedia,Monkeypox birus,2023-01-11,1
tl.wikipedia,Monkeypox birus,2023-01-12,1
tl.wikipedia,Monkeypox birus,2023-01-13,0
tl.wikipedia,Monkeypox birus,2023-01-14,1
tl.wikipedia,Monkeypox birus,2023-01-16,0
tl.wikipedia,Monkeypox birus,2023-01-17,0
tl.wikipedia,Monkeypox birus,2023-01-19,2
tl.wikipedia,Monkeypox birus,2023-01-21,2
tl.wikipedia,Monkeypox birus,2023-01-22,1
tl.wikipedia,Monkeypox birus,2023-01-23,0
tl.wikipedia,Monkeypox birus,2023-01-24,2
tl.wikipedia,Monkeypox birus,2023-01-25,1
tl.wikipedia,Monkeypox birus,2023-01-26,0
tl.wikipedia,Monkeypox birus,2023-01-28,1
tl.wikipedia,Monkeypox birus,2023-01-29,2
tl.wikipedia,Monkeypox birus,2023-01-30,0
tl.wikipedia,Monkeypox birus,2023-01-31,1
tl.wikipedia,Monkeypox birus,2023-02-01,3
tl.wikipedia,Monkeypox birus,2023-02-02,0
tl.wikipedia,Monkeypox birus,2023-02-04,0
tl.wikipedia,Monkeypox birus,2023-02-05,2
